pokemon_1,pokemon_2,result
129,117,1
660,211,2
706,115,1
195,618,2
27,656,1
126,222,1
436,207,1
121,36,2
169,636,1
302,688,2
39,380,2
11,292,1
228,747,2
302,763,1
455,436,2
381,14,2
205,710,1
86,639,2
128,681,2
565,570,2
496,448,1
36,378,1
518,284,1
97,376,2
690,542,2
669,482,2
164,15,1
521,773,2
260,107,1
524,140,1
789,275,2
412,490,2
76,9,2
100,449,1
335,347,1
137,542,2
437,40,2
222,635,2
363,41,2
374,482,2
353,339,2
152,341,2
401,702,2
682,742,1
575,509,1
682,274,1
786,773,2
458,601,2
130,260,1
323,165,2
714,502,1
130,382,1
399,193,2
135,761,1
42,515,1
151,703,2
416,591,2
751,137,2
614,657,1
346,74,2
593,82,2
301,94,1
230,474,2
132,60,1
715,785,1
300,736,1
340,182,1
370,359,1
70,788,2
519,264,2
99,551,2
191,475,2
704,334,1
602,722,2
25,75,1
290,53,2
487,461,2
277,128,2
740,711,2
341,800,1
549,635,2
313,755,1
138,211,1
364,273,2
390,363,2
602,345,2
605,109,2
689,221,1
116,141,2
257,247,1
2,246,2
256,269,2
157,163,2
106,617,1
335,774,1
368,317,1
103,34,1
392,223,2
248,597,1
535,692,1
99,676,1
238,219,2
672,177,2
586,482,1
766,773,1
64,779,1
185,732,2
337,664,1
318,306,2
575,34,2
472,201,1
724,259,1
551,169,1
364,798,2
124,755,1
174,9,2
376,739,1
110,346,1
505,434,1
255,776,1
464,303,2
120,201,2
578,157,2
325,289,1
604,638,2
208,84,2
735,390,1
417,682,2
489,581,2
331,744,2
252,527,2
738,339,2
289,567,2
185,742,2
703,44,1
369,298,1
316,255,1
669,702,2
175,327,1
305,553,2
339,132,1
387,196,1
447,148,2
107,142,2
431,435,1
43,761,2
40,33,1
453,796,1
281,478,2
32,63,1
495,439,1
104,355,2
544,155,2
411,190,1
517,662,2
534,640,1
631,800,1
312,202,2
602,770,2
462,426,2
104,707,2
225,139,2
255,40,2
72,764,1
390,611,2
389,298,2
344,589,1
675,272,2
269,91,1
599,511,2
83,18,1
569,479,2
180,220,2
787,514,1
458,676,2
715,187,1
737,798,1
524,510,1
579,576,2
778,577,1
222,580,2
472,125,1
735,729,1
652,245,2
144,756,2
213,550,2
433,689,2
590,339,2
419,593,1
431,790,1
6,364,1
733,379,2
22,474,2
327,70,2
243,366,2
215,467,2
478,492,1
705,609,1
505,693,1
729,314,2
570,734,1
411,632,2
769,758,2
234,123,1
263,281,1
94,616,2
368,307,2
212,637,1
326,794,2
120,55,1
770,104,2
501,452,2
289,192,2
598,665,1
20,523,1
620,651,1
481,726,1
368,190,1
99,194,1
42,81,1
718,112,1
362,233,1
584,220,2
582,161,1
773,2,1
332,384,2
136,415,1
385,673,2
454,607,2
372,679,2
710,390,1
589,709,2
540,305,1
21,96,1
48,324,1
391,65,2
742,382,2
32,503,1
98,395,1
466,401,1
198,115,2
536,598,1
272,630,1
696,393,2
499,359,1
554,669,1
752,564,1
793,544,2
432,196,1
428,1,1
236,550,2
420,263,2
631,389,1
662,24,2
579,357,2
635,608,2
397,774,1
464,682,2
271,70,2
547,440,1
301,751,1
210,547,2
279,740,1
779,657,2
554,605,1
41,276,2
259,660,2
666,118,1
298,566,1
414,566,1
389,98,2
168,54,1
37,769,1
387,132,2
113,582,2
550,703,1
172,117,1
163,577,1
94,587,2
697,629,2
733,743,2
462,199,1
530,19,2
22,411,1
649,656,1
768,548,2
531,748,1
217,538,2
711,289,1
473,458,1
318,552,2
644,576,2
179,236,1
567,309,2
447,412,2
15,304,2
613,207,1
126,27,2
38,335,2
364,694,2
556,454,1
679,718,1
3,483,1
13,779,1
146,564,1
636,47,2
513,436,1
122,421,2
704,606,1
231,346,2
558,261,2
413,477,2
379,40,2
790,133,2
34,682,2
566,285,1
241,193,2
40,792,2
486,322,2
795,23,2
653,463,1
401,331,1
397,60,1
89,235,1
221,220,1
41,685,2
549,114,1
360,225,2
422,83,1
283,323,1
549,760,1
301,149,1
452,521,2
698,634,2
347,34,2
304,411,1
610,282,1
727,709,1
305,772,2
382,711,2
99,165,2
488,286,2
22,194,1
164,434,1
595,376,2
772,169,1
38,161,2
356,144,1
77,590,2
141,520,1
329,507,2
434,549,2
759,498,2
304,456,1
642,255,2
653,636,2
338,173,1
446,362,2
619,218,1
266,623,2
729,93,2
203,345,2
340,166,1
789,458,2
513,498,1
746,221,1
588,767,1
552,733,1
615,243,1
578,191,2
152,354,1
526,53,1
481,598,1
658,362,1
361,612,1
174,481,2
380,743,1
212,390,1
730,338,2
404,780,2
169,748,2
686,27,2
360,356,2
190,116,2
163,345,1
394,395,1
473,308,1
284,619,1
121,392,1
558,748,2
311,48,2
2,510,1
627,257,2
734,70,2
333,587,2
128,756,2
55,285,1
431,261,2
182,447,1
737,333,1
787,418,2
597,561,1
196,438,2
113,117,1
771,571,2
523,300,2
138,589,1
454,788,1
519,541,2
729,270,2
175,333,1
396,245,2
48,540,2
331,24,2
568,465,2
584,560,2
511,460,1
88,65,2
382,562,2
672,214,2
176,469,2
438,214,1
300,36,1
425,798,1
773,64,1
317,220,1
423,455,1
574,772,2
148,712,2
528,330,1
421,410,2
392,278,1
697,273,1
546,439,1
675,660,1
788,70,1
265,16,1
72,164,1
413,10,1
81,656,2
302,548,1
15,299,2
33,92,2
521,473,1
747,739,1
614,730,1
264,697,1
207,301,2
154,579,1
532,443,1
477,657,1
256,575,2
271,453,2
614,568,1
84,348,1
96,479,2
365,574,2
549,719,1
761,235,2
792,681,1
396,89,1
214,107,1
456,423,2
46,712,2
733,674,2
147,772,1
559,476,2
135,323,1
16,631,2
354,28,2
637,555,2
84,712,2
344,206,2
34,525,2
163,329,1
430,8,1
156,446,2
724,210,1
455,631,2
780,618,2
276,369,1
412,777,2
540,208,1
242,587,2
37,73,1
359,77,1
381,3,2
638,327,1
698,169,2
670,570,2
787,609,1
180,243,1
639,742,2
125,777,1
790,316,1
363,324,1
154,285,1
147,399,1
595,251,1
471,581,2
227,476,2
668,301,2
179,128,1
2,481,2
175,506,1
410,481,1
488,271,2
454,381,1
468,154,2
18,116,2
638,204,2
477,188,1
481,509,1
666,558,1
482,705,2
115,322,1
441,318,1
68,44,2
392,740,2
24,22,1
767,617,2
588,586,2
251,426,2
685,778,2
718,69,1
752,678,1
305,6,2
572,443,1
286,382,2
85,415,1
53,602,2
641,450,2
37,650,1
717,593,1
675,496,2
591,135,2
362,131,2
333,412,2
285,156,1
436,452,1
667,40,2
41,504,2
171,661,1
477,674,1
649,75,1
218,514,2
437,138,2
763,223,2
583,789,1
156,628,2
788,6,2
341,523,1
331,120,1
669,495,2
669,636,2
28,653,1
143,349,2
135,54,1
378,163,2
143,623,2
576,492,1
779,682,2
375,704,2
770,472,2
21,417,1
228,537,2
153,651,1
622,8,2
305,361,2
426,402,1
68,549,2
7,182,1
445,14,2
198,56,2
133,742,1
678,3,2
405,328,1
183,204,1
516,747,1
93,141,1
716,51,1
255,44,2
638,531,2
284,605,1
313,398,2
296,789,1
98,78,2
222,520,2
506,428,2
786,686,1
479,694,2
525,299,2
721,293,2
350,279,1
473,319,1
468,144,2
161,702,2
687,758,2
447,451,2
647,654,1
228,7,2
784,678,1
90,668,1
708,204,1
795,406,2
201,686,2
125,722,1
494,398,1
285,415,2
643,177,1
506,350,2
658,203,1
632,207,1
330,550,2
703,692,1
620,602,1
585,668,2
315,704,2
442,265,2
365,307,2
575,529,1
1,343,2
104,21,1
19,586,2
328,129,2
206,283,1
511,66,2
434,652,1
316,578,1
326,1,1
509,667,1
748,39,1
37,673,1
632,241,1
666,202,2
469,677,2
362,55,1
454,133,2
214,297,1
720,569,2
608,471,1
276,44,1
728,155,2
18,625,1
794,84,1
36,585,1
499,666,1
16,247,1
416,48,2
638,261,2
478,68,1
15,787,2
30,57,2
69,448,2
495,393,1
649,151,1
588,748,1
368,799,1
573,590,2
591,49,1
287,342,2
201,382,1
90,32,2
431,610,2
511,649,2
719,612,2
390,669,1
236,113,1
303,382,2
437,420,2
32,702,1
585,396,1
720,698,2
580,515,1
687,614,2
435,495,2
191,398,2
267,621,1
16,739,1
582,42,1
340,407,1
655,371,2
170,136,2
80,122,1
715,286,1
191,591,2
90,503,2
784,645,2
110,424,1
684,9,2
186,371,2
210,211,2
35,119,2
358,631,1
176,7,2
371,394,2
687,610,2
193,613,1
112,462,2
394,605,1
571,359,1
499,284,1
76,345,2
431,501,1
584,292,2
316,138,1
125,724,2
765,702,2
450,224,1
358,269,1
631,798,1
332,342,1
663,743,1
699,448,1
518,333,1
177,227,1
327,575,2
435,115,2
246,355,1
58,147,2
380,621,1
68,706,2
758,614,2
720,771,2
266,512,1
484,12,1
165,664,1
163,330,1
216,598,1
589,251,1
74,794,2
324,255,1
480,247,1
266,738,2
141,117,1
720,371,2
798,326,2
217,484,2
476,634,1
582,165,2
124,570,2
415,37,2
308,614,2
588,589,1
412,701,2
764,586,1
743,355,1
257,632,1
546,407,1
748,12,1
436,272,2
765,752,1
120,492,2
683,393,2
42,314,2
552,133,1
695,79,2
66,574,2
228,296,1
12,553,2
798,449,1
427,247,1
263,734,1
599,582,2
769,500,1
314,501,1
433,244,2
327,16,2
25,497,1
190,788,2
704,96,1
716,739,1
231,32,2
319,642,2
732,217,1
379,437,2
47,281,1
164,352,1
793,771,1
369,646,2
212,576,1
319,222,1
482,462,2
234,687,1
469,629,2
310,80,2
10,269,2
680,266,2
135,748,1
103,138,1
434,740,2
235,516,2
403,343,2
475,682,2
225,114,2
309,445,1
191,253,2
362,427,2
170,3,2
735,420,2
394,61,1
573,646,2
725,114,1
358,386,1
790,431,2
482,573,2
204,18,1
757,300,2
402,647,2
179,201,1
619,319,1
210,14,2
92,469,2
549,738,1
777,311,1
735,622,1
763,377,2
799,234,2
195,422,2
329,572,2
144,709,2
244,185,1
48,132,2
87,93,2
660,469,1
267,192,2
532,285,1
261,377,1
619,502,2
52,551,2
733,728,2
275,111,1
657,30,2
760,419,2
548,152,1
575,279,2
758,9,2
5,738,1
227,306,2
740,437,2
418,567,1
619,586,1
242,604,1
370,723,2
189,727,2
186,228,2
350,598,1
630,766,2
501,252,2
219,322,1
722,113,1
79,722,1
643,645,1
618,289,1
787,71,2
726,21,1
69,722,1
106,267,1
469,102,2
736,648,2
70,748,1
288,20,2
419,218,1
737,134,1
660,409,2
475,298,1
278,679,2
199,586,2
241,672,2
529,788,2
333,424,2
739,54,1
454,722,2
568,379,1
514,757,1
515,276,2
362,736,1
478,130,1
440,467,2
212,29,1
108,99,1
412,198,2
242,158,2
641,90,2
550,132,1
694,93,1
532,403,1
416,783,1
453,787,1
315,687,2
740,656,1
448,111,1
423,207,1
141,556,2
479,156,1
448,530,1
341,384,1
70,27,1
585,515,2
795,557,2
409,430,2
434,471,2
456,89,2
295,298,2
293,623,2
612,44,2
328,231,1
697,173,1
294,463,2
366,131,2
285,604,2
585,256,1
31,782,1
253,88,1
328,36,2
744,686,2
226,35,2
792,139,1
687,321,1
692,4,2
447,400,2
469,790,2
455,460,1
560,245,2
276,175,1
689,679,2
659,727,2
784,294,1
433,654,2
72,57,1
198,263,2
246,393,2
623,363,1
71,35,1
670,38,1
386,74,2
115,101,2
87,571,2
532,469,1
360,435,2
387,486,1
22,175,2
266,649,2
786,777,1
179,556,2
542,616,1
426,522,2
145,530,1
660,703,2
10,60,2
38,756,2
254,343,2
30,624,1
93,281,1
554,734,1
521,74,1
723,596,1
653,427,2
368,769,1
538,471,1
256,242,2
613,269,1
278,651,2
707,255,1
761,788,2
609,442,2
464,495,2
626,386,2
71,736,1
672,576,2
349,793,2
138,340,2
400,249,2
693,44,2
72,360,2
230,145,1
595,421,2
370,298,1
108,249,2
291,204,2
655,713,2
663,207,1
648,588,2
243,553,2
240,6,2
354,75,2
497,122,1
769,218,1
235,137,2
756,229,1
413,339,2
228,677,2
183,719,1
502,483,2
97,622,2
613,624,1
772,83,1
200,654,1
386,373,2
179,112,1
725,194,1
715,265,1
459,525,2
474,107,1
94,770,2
123,177,2
536,597,1
623,353,1
390,336,2
358,416,1
174,504,1
24,328,1
424,429,2
355,625,2
134,146,1
201,590,2
337,307,2
8,52,1
364,19,2
673,612,1
508,48,1
530,156,1
322,754,1
634,488,1
227,551,2
316,554,1
691,759,1
259,455,2
638,400,1
380,403,1
455,216,2
60,734,1
703,658,1
351,783,1
712,37,1
221,494,2
396,344,2
472,458,1
150,11,2
102,456,1
529,293,2
354,767,2
231,720,2
300,579,1
525,462,1
208,766,1
273,9,2
213,756,2
486,181,1
390,77,2
151,515,1
366,110,2
786,159,1
152,388,2
538,211,1
760,366,2
611,201,1
407,750,1
248,464,1
133,564,1
355,333,2
312,528,2
399,95,2
229,217,1
271,171,1
559,335,2
65,496,1
544,352,1
328,470,2
195,280,2
31,699,2
140,216,2
407,641,1
702,379,1
101,727,2
149,168,2
146,118,1
179,532,2
777,341,2
729,647,1
324,82,2
503,380,1
62,674,2
214,318,1
777,108,1
21,776,2
63,465,2
302,233,1
37,394,2
308,459,1
68,263,2
478,638,1
439,81,1
614,97,1
261,4,1
226,486,2
498,170,1
758,728,1
602,457,1
724,799,1
546,419,2
728,403,1
259,268,1
706,632,1
277,702,2
538,197,1
324,179,2
91,538,2
607,5,1
91,351,2
221,643,2
74,783,2
546,411,1
100,515,2
554,483,1
553,375,1
620,286,2
736,97,1
10,99,2
475,262,1
680,394,2
91,588,2
370,686,1
393,339,2
711,545,1
192,381,2
799,788,1
645,59,2
652,633,2
235,391,2
424,634,1
150,482,2
589,43,1
520,604,1
166,742,1
641,516,2
632,137,2
535,437,1
601,350,2
346,3,2
277,63,2
159,187,1
535,47,1
315,784,2
486,124,2
186,557,2
581,507,1
194,380,2
699,286,1
649,226,1
177,771,1
269,723,2
268,203,1
635,146,1
793,640,1
274,276,2
673,648,2
389,397,2
99,235,1
663,650,1
19,326,1
120,423,2
488,452,1
760,700,2
403,540,2
527,337,2
217,383,2
531,152,1
250,651,2
147,475,1
168,183,1
29,600,2
285,246,2
60,742,2
28,46,1
496,355,2
621,728,2
331,139,2
693,75,1
457,624,2
440,178,2
484,4,1
13,83,1
377,113,1
429,391,1
87,408,2
118,463,2
251,357,2
265,41,1
352,394,2
343,564,1
277,75,2
244,336,2
485,595,2
220,318,2
336,545,2
558,517,2
459,119,2
667,489,2
463,702,2
261,541,1
348,597,2
289,176,2
664,600,2
232,599,1
74,604,2
751,736,2
351,359,2
131,551,1
93,140,1
756,673,1
553,784,1
687,315,1
12,706,2
81,430,2
244,124,2
617,685,2
312,333,2
781,107,1
784,328,1
655,379,1
442,445,1
419,766,1
237,25,2
173,697,2
202,721,1
280,343,1
381,445,1
259,215,1
315,142,2
360,217,2
209,112,1
704,35,1
316,664,1
652,36,2
211,168,2
677,288,1
358,765,1
126,680,2
88,771,2
206,513,2
230,117,1
278,565,2
712,32,2
728,482,1
466,400,1
592,462,2
738,15,1
325,570,2
716,120,1
725,411,1
733,737,2
83,649,2
717,568,1
522,798,1
299,39,1
733,200,2
738,198,2
783,203,2
126,753,2
339,341,1
666,77,2
657,779,1
183,484,2
80,133,2
749,528,2
299,415,1
89,659,2
158,417,1
538,10,1
564,269,2
415,453,2
504,502,2
106,515,1
430,755,1
338,176,1
311,391,1
692,478,2
98,643,2
56,545,1
586,346,2
608,419,1
746,221,1
524,550,2
286,107,1
397,749,1
397,337,2
614,108,1
323,397,2
68,563,2
38,282,2
370,140,2
398,607,1
294,449,2
67,69,2
169,83,1
644,223,2
265,124,2
792,692,1
388,469,2
377,197,1
106,264,2
533,753,1
389,237,1
795,560,1
108,320,1
575,328,2
36,765,2
485,316,2
565,741,1
72,721,1
247,704,2
202,767,1
449,137,2
107,321,1
350,3,1
306,170,1
233,421,2
464,710,2
405,85,2
794,47,1
124,237,1
426,566,1
16,720,1
372,20,2
225,725,1
601,588,2
91,460,1
468,116,2
790,436,1
256,118,2
143,759,1
462,449,1
689,696,1
782,23,2
185,144,1
663,551,2
174,581,2
670,526,2
122,651,2
660,537,1
781,360,1
52,642,2
593,478,2
409,454,1
428,122,1
135,434,1
503,96,1
414,182,1
144,354,1
787,235,1
169,356,1
234,557,1
723,763,1
468,173,2
485,695,2
164,591,1
248,567,1
451,4,2
98,409,2
190,155,2
233,125,2
272,544,2
195,490,2
383,408,1
352,413,2
714,701,2
563,362,2
213,1,1
362,369,1
186,462,1
631,257,1
682,180,1
319,687,2
581,351,1
210,353,2
265,769,1
107,734,1
58,518,2
353,263,2
394,209,1
748,359,1
728,603,2
125,164,2
302,737,2
643,507,1
346,119,2
437,244,1
724,68,1
661,51,2
145,388,2
476,166,1
134,781,1
582,671,2
134,416,1
99,455,1
22,91,1
546,673,1
523,678,1
677,609,1
339,573,1
57,133,1
789,285,2
280,328,1
322,622,2
261,49,1
548,180,1
265,252,1
689,576,2
145,401,2
660,438,2
566,483,2
781,350,2
563,230,2
77,150,1
218,624,1
572,686,1
99,700,2
416,7,2
277,179,2
233,465,2
379,595,2
399,72,1
415,476,2
129,790,1
787,683,1
613,279,2
179,372,1
336,759,1
101,388,1
645,243,1
35,397,2
726,797,2
699,416,1
638,790,2
777,579,1
638,480,2
516,167,2
344,61,2
21,738,1
40,319,1
114,80,2
217,378,1
650,413,2
439,297,1
299,719,1
88,265,2
616,743,1
659,522,2
698,298,2
367,219,2
471,315,2
784,402,1
603,230,1
776,690,2
559,203,1
752,623,2
771,379,1
171,720,1
693,646,2
740,349,2
93,170,1
649,226,1
692,400,1
728,91,2
333,620,1
607,135,2
419,640,1
334,741,2
547,464,1
671,215,2
689,414,2
23,429,2
8,1,1
708,471,1
172,593,1
401,98,1
726,546,1
485,471,2
459,276,2
127,184,2
711,214,1
477,320,1
200,9,2
281,102,2
537,718,2
241,529,2
118,80,2
318,785,2
465,170,1
497,673,2
190,48,2
26,765,1
671,219,2
62,288,2
699,311,1
383,502,1
507,30,2
235,64,2
621,132,2
486,781,2
368,474,1
191,272,2
330,482,1
68,355,1
330,500,1
491,762,2
727,429,2
108,29,1
665,701,2
437,396,1
624,430,2
434,757,2
689,273,2
670,609,1
163,769,1
99,362,2
350,434,1
145,548,2
649,109,1
263,242,1
39,73,1
401,423,2
788,218,1
688,355,1
775,182,1
25,10,1
573,443,2
67,770,1
614,459,1
46,579,1
570,713,1
297,526,2
380,718,2
466,23,2
677,193,1
556,354,1
307,462,1
345,311,2
235,309,2
686,273,2
56,253,1
297,249,2
438,204,1
755,7,2
674,701,2
675,407,2
499,273,1
77,154,2
541,288,2
689,598,2
590,167,1
645,88,1
191,387,2
99,221,1
651,467,1
601,511,2
504,347,2
236,580,2
514,600,2
156,85,2
15,627,2
72,443,1
80,171,1
624,462,2
710,155,2
497,168,2
170,410,2
148,601,1
680,241,2
309,541,2
227,693,2
310,126,2
373,116,2
250,258,1
279,782,1
29,72,2
742,157,2
344,245,1
45,190,2
572,359,1
311,547,2
726,567,1
284,293,1
487,458,1
556,13,1
208,668,2
752,684,1
747,470,1
523,642,1
311,692,2
50,203,2
489,350,2
97,434,1
549,429,2
464,756,2
372,155,2
113,676,2
104,289,1
286,37,2
456,724,2
675,679,2
762,561,2
146,481,2
354,44,2
143,401,2
438,352,1
27,784,1
652,485,2
53,565,2
736,537,2
725,168,1
299,717,2
171,552,2
781,590,2
7,750,1
136,193,2
281,603,2
626,722,1
147,230,2
251,317,2
711,18,1
119,158,2
637,317,1
475,458,1
474,588,2
510,491,1
636,246,2
225,131,1
527,558,1
416,51,2
75,406,1
608,52,1
508,723,1
685,503,2
514,154,2
598,567,1
295,44,2
151,168,2
354,58,1
156,308,1
660,360,1
468,192,2
22,265,2
143,43,2
73,778,2
65,541,1
85,303,1
306,469,2
379,774,2
771,603,2
604,758,2
302,580,1
760,109,2
578,32,2
733,750,2
408,342,2
727,542,1
179,265,2
573,578,1
535,89,1
166,81,1
761,524,2
640,220,1
139,144,1
735,749,2
400,323,1
401,779,1
76,639,1
70,513,2
529,619,2
692,474,2
537,82,1
736,284,1
331,767,2
576,291,1
218,547,2
312,718,2
681,211,1
560,259,2
678,66,2
100,782,1
634,678,1
351,657,2
161,592,1
416,772,2
103,537,1
289,771,2
711,123,1
25,578,1
384,504,1
64,730,2
477,669,1
654,434,1
345,704,2
489,666,2
493,372,1
384,229,1
160,226,1
655,202,2
512,771,2
392,740,2
374,37,2
684,435,2
679,433,1
304,338,2
109,656,1
410,385,1
232,333,1
564,748,2
298,535,2
609,365,2
660,584,1
746,178,1
162,263,2
230,665,1
705,390,1
334,14,1
268,681,2
239,641,1
546,78,1
341,11,1
595,322,2
245,739,1
79,792,2
617,676,1
72,244,1
280,156,1
354,636,2
105,658,2
393,561,1
782,538,2
356,628,2
404,334,1
258,234,2
584,394,2
530,243,2
598,328,1
108,300,2
231,49,2
782,537,2
490,384,1
128,569,2
551,235,1
438,346,1
714,150,1
342,703,2
525,204,2
560,492,1
196,491,1
581,724,2
451,788,1
540,720,1
685,457,1
47,298,2
38,528,2
779,558,2
532,145,1
356,566,2
296,604,1
624,586,1
421,54,1
107,176,1
653,641,2
747,592,1
285,170,2
769,449,1
289,207,2
485,131,2
511,214,2
766,293,1
784,243,2
687,457,1
778,434,1
270,305,1
724,309,1
33,520,2
139,113,1
641,221,2
634,346,1
322,220,1
618,617,1
368,232,1
720,403,1
561,325,2
252,620,1
360,560,2
19,43,1
547,487,1
602,377,2
108,478,2
233,661,1
467,426,1
774,394,2
468,225,2
712,163,2
712,314,2
761,380,2
590,457,1
210,173,2
422,379,1
569,553,2
362,757,1
715,494,1
610,136,2
43,743,1
503,627,1
1,133,2
620,372,2
218,50,2
117,619,2
91,66,2
647,211,1
765,363,1
506,401,2
573,92,2
665,413,2
748,87,2
757,611,2
16,654,1
495,58,1
320,702,2
477,116,1
205,22,1
489,737,2
211,165,2
197,611,2
199,522,2
706,243,1
639,202,2
153,30,2
75,422,2
442,99,2
334,95,2
81,661,2
54,321,1
3,402,1
46,738,1
417,659,1
52,563,2
680,452,2
284,644,1
577,16,2
728,226,1
542,188,1
678,497,2
478,470,1
651,427,2
242,505,2
691,278,1
270,437,1
564,443,2
331,111,2
101,390,1
33,259,2
26,66,1
218,325,2
649,558,1
291,399,1
597,622,1
686,795,2
122,448,2
27,751,1
147,675,1
99,142,2
707,16,1
578,314,2
482,118,1
788,515,1
154,492,1
638,793,2
409,785,1
533,136,2
603,654,1
388,266,1
669,293,2
696,198,1
22,427,2
506,544,2
736,520,2
709,450,1
185,772,2
18,426,2
203,175,2
205,627,2
397,523,1
495,238,1
5,786,2
260,766,2
243,760,2
136,282,1
278,524,2
507,77,1
705,111,1
549,402,1
613,696,1
241,740,2
563,33,1
239,386,1
326,107,1
734,714,2
782,645,2
73,547,2
345,67,2
669,345,2
453,526,2
445,634,2
337,127,1
621,164,2
302,190,1
310,316,2
645,509,1
435,760,2
799,455,1
84,671,1
502,799,2
53,491,2
465,527,1
342,564,1
366,81,1
657,637,1
421,280,1
646,736,1
128,656,2
404,387,2
498,416,1
223,784,1
348,356,1
303,508,2
765,377,2
267,450,2
219,534,2
784,53,1
254,153,1
192,395,1
134,749,2
226,39,2
203,186,2
421,88,1
571,605,1
278,196,2
394,14,1
534,180,1
321,757,2
346,457,1
759,664,2
61,644,1
270,267,1
533,211,1
130,158,2
431,341,2
554,686,1
535,444,2
533,507,1
354,190,1
541,730,1
542,43,1
286,183,1
110,471,2
401,707,2
119,754,1
755,494,2
193,84,1
402,756,2
484,261,2
394,531,1
707,195,1
127,287,1
701,335,1
474,269,1
521,371,1
236,229,2
195,514,2
46,677,2
132,213,1
260,87,1
510,252,2
203,339,2
233,647,2
602,455,2
754,705,2
562,244,2
477,617,1
513,653,1
110,785,1
723,518,2
510,383,2
526,268,1
417,793,2
724,559,1
308,199,1
505,664,1
294,363,2
18,412,2
539,68,1
480,31,2
500,264,2
644,17,2
767,431,2
482,11,2
115,298,1
138,470,1
455,412,1
508,395,1
404,568,2
509,97,2
113,263,2
276,463,1
616,584,1
276,297,1
257,685,1
291,352,1
779,364,2
767,434,1
719,306,2
656,603,2
509,46,1
502,71,2
535,408,1
757,718,2
751,537,2
56,558,1
643,562,1
563,80,2
737,626,1
77,34,2
200,647,2
231,535,2
789,557,2
593,73,2
421,39,1
120,43,1
559,714,2
758,323,1
487,659,2
405,153,2
16,65,2
746,164,2
151,245,2
597,476,2
318,26,2
328,247,2
706,403,1
725,336,2
225,29,1
227,425,2
167,626,1
13,752,1
614,83,1
737,568,1
288,66,1
561,253,2
708,133,2
61,338,1
316,646,1
375,90,2
325,613,2
208,226,2
360,379,2
774,489,1
628,710,2
584,789,2
494,559,1
308,96,2
334,35,1
204,477,2
560,370,2
385,492,2
25,436,1
431,731,1
11,202,2
187,538,2
26,90,1
795,37,1
231,136,2
43,108,2
179,145,1
57,775,1
206,134,2
680,468,2
370,755,1
639,18,2
512,599,2
158,458,1
369,294,1
604,241,1
278,706,2
205,800,1
543,412,1
730,512,2
677,108,1
137,780,1
690,191,1
32,689,1
661,383,2
619,439,1
86,218,1
628,734,1
221,382,1
58,631,1
408,496,1
617,471,1
495,181,1
601,459,1
464,476,2
486,537,2
416,777,2
80,226,1
653,150,2
377,158,2
646,592,1
159,760,1
788,523,2
37,490,2
363,108,2
265,382,1
71,335,1
596,646,2
739,765,2
675,376,2
664,643,2
369,129,2
184,252,1
659,471,2
293,53,1
127,97,1
550,12,1
366,767,1
419,178,1
217,157,2
102,470,1
245,58,2
689,520,2
185,454,1
305,178,2
20,755,1
475,378,1
445,97,2
791,187,2
627,760,2
151,478,2
154,45,1
644,467,2
354,686,2
359,183,1
333,108,2
759,204,2
441,687,2
492,642,2
19,639,1
176,265,2
713,312,1
100,190,1
533,776,1
256,275,2
257,578,1
353,64,2
560,182,1
42,465,2
74,633,2
455,650,2
211,21,2
573,729,2
661,405,2
612,794,2
110,44,1
660,628,2
580,148,2
178,142,2
647,785,2
503,385,1
718,327,1
738,475,2
596,164,2
169,174,1
509,195,1
560,236,1
743,386,2
521,42,1
392,780,1
657,439,1
131,273,1
195,61,2
671,335,1
366,259,2
60,506,1
78,761,1
177,11,1
742,86,1
465,552,2
513,109,1
249,721,1
80,78,1
89,291,2
499,267,1
779,628,2
720,168,2
625,148,2
320,525,2
442,430,2
567,530,1
593,325,2
372,253,2
530,635,2
541,651,1
388,620,1
9,765,1
533,75,1
146,80,2
32,403,1
52,257,2
210,77,2
737,285,1
157,256,1
49,328,1
9,21,1
560,291,2
459,201,1
185,544,2
86,168,2
214,436,1
284,66,2
696,774,1
784,317,1
189,638,2
349,365,1
508,449,1
501,665,1
227,234,2
749,457,2
792,718,1
59,183,1
225,732,2
157,642,1
412,12,2
326,37,2
75,290,1
685,172,2
8,623,1
248,280,2
242,654,1
720,620,1
225,635,2
83,519,2
725,177,2
195,10,1
29,280,2
10,256,1
273,797,2
474,386,1
476,123,1
51,14,1
344,377,1
619,620,1
413,376,1
524,358,1
717,210,1
727,197,1
366,338,1
494,587,1
525,704,2
640,694,2
275,366,1
350,615,1
786,647,1
283,768,2
248,768,1
667,499,2
583,474,1
10,799,2
616,421,2
240,420,2
610,244,1
522,361,1
618,426,2
417,613,2
111,212,2
433,256,2
217,428,2
240,204,2
444,523,1
470,503,2
304,578,2
232,355,1
334,799,2
500,715,2
73,453,2
438,513,2
247,419,2
799,472,2
475,547,2
267,586,1
622,263,2
393,40,2
518,720,1
298,68,2
660,39,2
460,25,2
626,206,2
755,79,2
613,396,1
598,199,1
44,544,2
421,420,2
163,293,1
768,568,2
739,141,2
525,597,1
338,209,2
426,321,1
368,28,2
630,237,1
120,682,2
453,396,1
759,20,2
294,799,2
81,123,2
140,266,2
203,480,2
289,55,2
138,205,2
18,134,2
314,571,1
785,401,1
554,14,1
238,713,2
225,85,2
599,637,2
282,300,2
344,384,1
485,552,2
22,89,1
588,755,1
514,190,1
744,615,1
281,29,2
628,129,1
289,193,2
323,187,2
28,124,1
296,31,2
719,237,1
243,310,1
533,752,1
89,266,1
722,303,2
423,274,2
86,695,2
180,313,2
693,465,2
356,544,2
645,454,1
251,677,2
137,761,1
252,520,2
338,709,2
257,116,2
402,362,2
84,635,2
660,572,2
537,100,1
93,330,1
345,502,2
440,293,2
485,180,2
571,292,1
108,367,2
100,639,1
24,86,1
242,412,1
629,480,1
64,83,1
419,225,2
454,604,1
115,634,1
340,665,1
159,574,2
677,565,1
102,310,1
643,555,1
681,700,2
39,630,2
644,62,2
136,503,2
240,140,1
175,783,1
456,430,2
111,565,2
271,365,1
78,152,1
31,200,1
594,418,2
44,690,1
696,425,2
186,544,2
633,380,1
1,646,2
543,524,2
76,696,2
668,789,1
262,33,1
212,489,1
6,200,1
339,126,1
395,383,2
392,36,1
620,183,1
522,207,1
353,627,1
555,523,2
124,591,1
342,708,1
355,723,2
740,94,1
130,720,1
421,757,1
716,27,1
550,42,1
531,414,2
133,771,1
630,362,2
583,794,1
10,456,1
187,447,1
626,752,2
677,300,1
410,495,1
267,516,1
672,711,2
759,620,1
631,626,1
259,793,2
697,763,1
742,664,1
450,680,1
208,367,2
118,683,2
747,577,1
343,675,1
288,201,1
638,20,2
564,266,1
732,509,1
120,49,2
726,252,1
396,286,2
214,324,1
297,49,2
582,37,2
648,659,1
160,685,2
264,49,1
559,313,2
364,8,2
521,62,1
153,294,1
702,337,1
522,592,1
743,172,2
685,372,2
232,470,1
624,714,2
23,720,1
149,444,2
7,425,1
132,401,1
698,662,1
146,222,1
520,319,1
490,141,1
341,303,1
13,648,2
567,118,1
249,372,1
624,735,2
660,364,2
545,87,1
340,82,1
409,38,1
382,186,1
348,393,2
765,780,1
267,751,2
473,26,2
539,8,2
634,587,1
132,371,1
527,36,1
131,401,1
133,113,1
205,404,1
351,756,2
315,311,2
69,691,2
734,109,2
405,390,1
673,325,1
69,278,2
458,448,2
776,613,2
764,264,2
215,662,2
272,539,1
121,281,2
8,543,1
725,314,2
163,20,2
738,434,1
471,572,2
369,204,2
730,675,1
229,504,1
225,405,2
501,178,2
473,759,1
389,502,2
72,77,1
617,519,2
543,778,1
304,484,2
348,722,1
154,321,1
333,371,2
91,399,1
265,766,2
707,658,2
49,162,2
357,687,2
582,476,2
737,281,1
56,177,1
369,464,1
525,662,1
135,193,1
688,99,2
626,67,2
602,324,1
270,32,2
253,398,2
507,219,2
127,252,1
55,552,2
459,141,2
687,469,2
152,588,2
111,47,2
80,10,1
731,798,1
435,377,2
642,638,2
285,137,2
674,684,1
492,571,2
747,269,2
542,21,1
366,320,1
688,345,2
267,219,2
234,595,2
51,243,1
114,335,2
302,288,2
275,726,1
185,297,1
728,333,2
328,69,1
537,513,2
197,700,2
599,131,2
280,549,2
302,587,1
235,238,1
416,158,2
363,229,2
309,9,2
585,425,2
566,577,1
39,388,2
285,56,2
724,475,1
375,669,1
227,327,2
578,409,2
462,749,1
85,13,1
521,221,1
782,104,2
163,138,1
464,379,2
456,774,2
627,194,2
104,618,1
546,720,1
146,39,2
542,11,1
163,246,1
446,138,2
772,797,1
796,316,2
424,656,1
312,525,2
787,642,1
83,444,2
381,482,2
711,80,2
113,763,2
31,744,2
716,328,1
404,390,1
73,661,1
1,696,2
560,182,1
671,18,1
347,793,2
559,708,2
268,207,1
454,659,1
451,606,2
527,348,1
628,92,2
48,288,2
210,598,2
35,500,1
22,593,1
786,508,1
364,490,2
649,236,1
790,176,1
435,35,1
597,328,1
231,175,2
242,712,2
524,289,1
591,35,1
86,200,2
58,252,2
584,57,2
795,641,1
50,632,2
343,533,2
659,538,2
342,424,1
230,647,2
640,328,2
217,799,2
259,415,1
41,236,2
650,180,1
54,617,2
620,201,1
297,510,2
784,700,2
140,552,2
797,545,1
185,537,2
793,55,1
451,301,2
597,741,1
243,747,2
711,21,1
634,449,1
104,453,2
134,90,1
303,188,1
33,591,2
476,256,1
47,546,2
327,639,1
473,374,1
42,667,1
652,641,2
197,149,1
620,719,1
405,270,2
429,582,1
463,566,1
494,767,1
559,580,2
429,166,1
181,702,2
270,214,1
449,126,2
367,137,2
261,429,2
468,15,1
483,690,2
569,710,2
725,196,1
740,575,1
586,421,2
224,265,2
425,88,1
361,314,2
731,478,2
670,713,2
678,484,2
637,405,2
436,666,1
55,1,1
53,227,2
57,139,1
128,170,2
245,401,1
714,184,2
529,599,2
626,134,1
57,74,1
221,176,1
795,654,1
486,409,2
508,465,2
275,632,1
735,486,1
277,24,2
109,243,2
287,366,2
309,595,1
780,16,2
783,745,2
735,521,2
372,504,1
682,44,1
337,242,1
348,44,2
704,180,1
557,582,1
800,547,2
258,320,2
49,422,2
334,749,1
463,771,1
688,739,1
372,40,2
27,309,1
637,725,2
657,736,2
546,337,2
506,153,2
60,705,2
694,226,1
754,205,1
103,1,1
236,763,1
546,525,1
105,247,2
98,164,2
469,669,1
224,690,2
329,269,2
312,650,2
798,149,1
402,337,2
377,225,2
187,272,2
557,612,1
269,643,2
415,288,2
236,612,2
409,469,1
164,346,1
509,94,1
260,356,2
153,407,1
121,723,1
475,295,1
441,157,2
459,565,2
338,215,1
252,642,2
269,433,1
602,183,1
576,318,1
477,54,1
467,298,1
33,473,2
741,364,2
294,150,2
778,390,1
298,301,2
413,233,2
652,595,2
525,294,1
25,569,1
339,338,1
635,166,1
768,529,1
193,90,1
274,298,1
271,384,1
111,71,2
445,775,2
704,204,1
208,229,2
637,316,2
109,434,2
451,210,1
65,243,1
251,43,2
482,136,2
335,370,2
670,73,1
681,317,1
371,166,2
727,165,2
114,219,2
214,731,1
638,192,2
710,465,2
404,698,2
317,753,1
561,613,2
216,225,2
185,76,1
336,449,1
606,572,1
685,505,2
268,732,2
665,408,2
776,660,1
556,681,1
333,737,2
566,42,2
275,34,1
177,193,2
520,356,1
569,122,1
3,259,2
504,636,1
587,31,2
150,197,2
424,487,1
392,716,2
589,285,1
72,65,1
190,549,2
178,672,2
619,620,1
651,74,2
203,537,2
771,648,2
532,26,2
367,351,1
488,434,2
11,6,2
247,676,1
448,490,2
98,685,2
209,222,1
150,564,2
753,105,2
646,67,2
263,773,1
226,384,2
546,576,2
693,738,1
663,465,2
544,77,1
780,664,2
171,501,1
723,443,2
246,791,1
304,492,2
575,63,2
742,138,2
606,431,1
502,601,1
408,679,2
537,306,1
514,741,1
467,784,1
679,313,1
632,43,2
258,347,1
278,247,2
757,154,2
534,361,1
750,683,2
643,7,2
361,68,2
203,77,2
397,745,2
241,513,2
290,771,2
774,344,2
417,735,2
507,656,1
452,392,2
220,63,2
623,132,1
503,481,2
241,183,2
122,229,2
620,343,2
628,492,1
602,218,1
117,98,2
546,449,1
232,621,1
290,17,2
632,317,1
776,341,2
659,383,2
268,502,2
670,494,2
725,263,2
188,548,2
752,120,1
799,726,2
648,368,1
150,386,2
392,436,1
109,422,1
743,159,2
349,128,1
778,312,1
444,450,1
15,639,1
89,456,1
166,472,2
50,120,1
715,334,1
656,167,1
443,426,2
53,387,2
93,207,1
408,301,2
652,767,2
754,667,2
131,698,1
589,167,1
444,305,1
691,228,2
124,718,2
793,109,2
267,277,1
232,317,1
76,750,1
324,460,2
426,432,2
506,90,2
473,462,1
200,173,1
695,20,2
199,235,2
419,179,1
202,238,1
333,475,2
90,554,2
134,20,2
590,182,1
154,343,1
586,150,1
597,732,2
172,411,1
56,440,1
367,770,1
519,458,1
775,619,2
472,565,1
614,754,1
105,483,2
714,576,1
513,43,1
342,738,1
457,705,2
102,680,1
682,601,1
762,83,2
497,504,1
126,587,2
95,749,1
499,479,1
460,259,2
429,122,1
258,386,1
124,430,2
116,426,2
199,606,2
315,282,2
365,321,1
86,240,2
405,617,2
271,8,2
545,776,1
298,32,2
679,567,1
664,553,2
473,162,2
397,590,2
396,175,2
427,535,1
640,629,2
344,185,1
623,744,1
372,701,2
251,415,2
161,786,2
629,750,1
736,398,2
554,774,1
348,481,2
662,449,1
377,181,2
473,712,2
467,159,1
628,19,2
11,491,1
169,219,2
618,121,1
299,721,1
118,671,2
237,174,2
608,25,1
661,407,2
657,673,2
687,33,1
102,533,1
322,656,2
518,504,1
375,175,2
628,158,2
753,429,2
625,60,2
357,375,1
175,727,2
415,668,1
365,346,1
541,681,1
604,688,1
183,270,2
386,507,2
611,207,1
442,443,2
799,626,1
461,526,2
795,148,1
126,719,1
600,64,1
795,388,1
105,475,2
57,713,1
629,555,1
459,75,2
607,280,2
574,636,1
46,188,1
259,792,2
546,215,1
184,688,1
90,631,2
249,482,1
473,195,1
508,766,2
487,372,1
772,37,1
796,31,2
353,451,2
410,98,1
176,755,2
757,493,2
232,703,2
788,687,2
617,297,1
357,347,1
627,774,2
384,553,2
283,441,2
335,679,2
652,395,2
596,738,1
216,635,2
692,289,1
302,115,2
469,349,2
375,34,2
630,496,2
730,432,2
277,241,1
92,700,2
273,578,1
657,234,2
360,512,2
68,704,2
621,298,2
359,695,1
414,288,1
293,378,1
739,742,2
63,494,2
579,92,2
748,137,1
224,476,2
201,630,1
194,226,1
289,3,2
651,173,1
775,531,2
616,407,1
228,276,2
259,305,1
230,678,1
120,754,2
587,717,2
134,53,2
119,420,2
742,529,1
370,598,2
89,509,2
30,126,1
567,533,2
38,27,2
571,745,2
35,325,2
206,519,1
461,733,1
637,596,2
692,127,2
473,340,2
332,367,2
634,705,2
144,648,2
317,62,2
677,635,2
98,15,1
726,519,1
315,403,2
237,287,2
460,771,2
318,379,2
375,91,2
281,6,2
765,73,1
187,457,1
374,204,2
565,22,1
620,628,2
411,38,2
727,731,1
376,751,2
707,624,1
22,788,1
545,9,2
118,570,2
754,712,2
577,666,2
554,466,1
135,296,1
180,290,1
294,555,2
619,110,2
401,612,2
62,569,1
212,258,1
686,220,1
711,1,1
190,252,2
468,678,1
7,198,1
755,683,1
82,63,2
442,406,2
536,123,1
428,321,1
339,451,1
328,238,2
71,645,1
258,705,2
415,406,1
756,706,2
538,152,1
360,580,2
652,224,2
698,650,2
215,421,2
486,581,2
775,389,1
297,191,2
725,156,2
390,457,2
102,106,1
193,30,1
152,607,2
519,42,1
515,435,2
777,589,1
53,734,1
95,503,2
411,501,2
379,370,2
464,439,2
281,792,2
484,352,1
648,798,1
790,120,1
34,738,1
166,354,1
121,387,2
615,361,2
172,50,1
647,612,1
25,465,2
45,610,2
466,592,1
324,684,2
528,76,1
1,480,2
765,254,2
671,172,2
130,8,2
294,652,1
512,778,2
648,641,1
751,554,2
341,292,1
277,230,2
240,588,2
636,692,2
766,667,1
357,67,2
632,2,1
603,275,2
772,648,1
689,446,2
512,271,2
398,785,1
791,687,2
98,790,1
150,563,2
441,599,1
753,89,2
166,443,1
322,36,2
234,323,1
463,82,2
368,419,2
14,140,2
790,649,1
59,474,1
384,397,2
117,652,1
779,760,2
354,347,2
771,169,2
633,492,1
687,313,2
657,790,2
12,346,1
776,535,2
557,255,1
91,597,2
570,310,1
374,170,2
762,565,2
707,162,1
114,423,2
329,571,2
784,562,2
202,54,1
324,252,2
30,696,1
502,536,2
279,452,1
74,383,2
712,109,2
582,55,2
48,510,1
333,398,2
713,572,2
505,631,1
683,5,2
196,654,1
471,34,2
619,307,2
518,523,1
655,507,2
398,518,1
543,695,1
383,151,1
388,700,2
456,266,2
66,122,1
1,358,2
702,227,1
436,422,2
687,287,1
652,368,2
320,433,1
360,396,2
614,257,1
332,629,2
693,129,2
459,224,1
428,618,1
253,317,1
30,360,1
118,775,2
739,173,1
68,667,1
443,594,1
449,109,2
308,4,2
12,733,1
720,338,2
69,516,2
474,386,1
228,233,1
581,788,1
502,256,1
736,592,1
238,248,2
510,770,2
211,691,2
787,764,1
674,193,1
17,734,1
616,330,1
729,749,1
382,654,2
426,126,1
729,80,2
372,380,2
425,584,1
142,755,1
527,448,1
387,785,2
423,175,1
424,603,2
121,243,2
54,147,2
734,795,2
181,651,2
566,628,2
138,555,1
743,715,2
251,304,2
202,582,2
644,429,2
268,563,2
742,439,1
154,556,1
441,123,2
176,643,2
388,74,1
630,658,2
182,93,2
457,125,2
50,554,2
698,795,2
780,26,2
796,600,2
421,46,1
409,792,2
471,747,2
194,613,2
526,96,1
721,14,1
727,450,1
752,731,2
237,781,2
2,52,1
35,42,2
547,783,1
589,613,2
410,665,1
642,552,2
203,680,2
560,721,1
447,611,2
696,585,1
239,795,2
392,434,1
51,238,1
569,247,1
739,703,2
436,232,2
330,191,1
604,109,2
742,283,1
635,708,1
426,542,2
123,575,2
174,665,1
612,773,2
504,631,2
28,224,1
214,786,2
223,663,2
62,393,2
240,591,2
703,119,1
408,657,2
518,745,2
535,161,1
78,702,2
650,411,1
294,363,2
752,700,2
447,24,2
285,50,2
248,45,1
358,213,1
232,78,1
432,92,1
48,639,1
706,53,1
683,243,1
360,179,2
758,691,1
67,442,1
373,246,2
359,250,2
212,428,1
372,422,2
454,99,2
631,411,1
753,414,2
683,67,2
764,599,1
159,490,2
485,159,2
173,258,2
740,316,2
287,297,1
103,257,1
51,1,1
146,351,1
514,381,1
452,607,2
61,791,1
438,360,1
263,383,1
690,610,2
609,618,2
93,324,1
474,293,1
369,618,1
360,234,1
19,315,1
492,40,2
566,277,1
627,16,1
788,287,2
563,402,1
660,743,2
703,632,1
741,723,2
225,397,2
148,641,1
151,773,2
61,584,1
68,239,1
276,176,1
592,667,1
511,487,1
115,749,1
89,542,2
776,235,1
392,100,2
726,290,1
541,634,1
707,714,2
264,20,2
706,763,1
324,621,2
252,177,2
470,646,2
12,749,1
693,91,1
272,494,2
548,739,1
210,444,2
142,28,2
260,373,1
590,309,1
78,520,2
491,81,1
63,709,2
255,153,2
287,349,2
601,661,1
406,179,1
544,673,1
300,264,2
139,393,1
276,520,1
89,571,2
373,799,2
17,158,2
124,169,1
752,578,1
529,239,2
563,398,2
12,648,2
607,688,1
515,728,2
157,380,1
784,478,2
769,402,1
472,442,1
205,670,1
564,409,2
335,117,1
699,129,1
306,793,2
724,146,1
261,204,1
565,397,2
776,722,2
130,494,2
654,28,2
91,515,1
386,617,2
87,783,2
64,660,1
721,502,2
64,764,1
181,61,2
203,413,2
752,734,1
661,524,2
9,65,1
607,73,1
588,232,1
464,445,1
92,35,1
630,297,1
525,215,1
449,98,1
695,558,2
627,371,2
423,612,1
397,396,1
491,54,2
288,245,1
763,749,1
53,250,2
193,607,1
477,781,1
746,13,2
330,326,2
139,799,1
296,478,2
616,274,2
236,59,2
598,93,2
436,510,1
766,651,2
771,78,2
774,356,1
344,253,1
616,200,1
635,145,1
753,16,2
288,626,1
38,469,2
366,337,2
213,785,2
122,7,2
228,153,1
225,718,2
777,667,1
54,45,1
288,82,1
242,387,2
183,43,2
742,408,1
28,707,1
661,60,2
618,689,2
406,265,1
233,567,1
226,646,2
48,413,1
403,483,2
444,556,1
377,41,1
259,713,2
790,462,2
731,431,2
595,311,2
772,657,1
163,161,1
618,120,1
275,546,1
139,752,1
325,785,2
214,80,2
249,709,1
425,335,1
87,51,2
481,102,1
137,466,2
37,546,2
693,121,1
542,71,2
437,206,2
740,628,1
223,690,1
544,160,1
33,37,2
234,637,1
650,653,1
557,270,1
754,688,2
710,765,1
393,246,1
399,730,2
581,79,1
121,432,1
767,352,2
82,559,2
472,624,1
537,173,1
537,711,2
135,721,1
742,186,1
626,469,2
718,736,1
90,329,1
213,98,1
169,414,2
393,274,2
187,154,2
176,512,2
712,633,2
189,123,2
785,366,1
560,529,1
545,665,1
343,317,1
732,230,1
88,535,1
143,587,2
103,753,1
725,379,1
708,760,1
85,146,1
595,757,2
277,129,2
701,312,1
399,303,2
59,199,1
167,214,2
364,283,2
749,11,2
637,322,1
79,409,2
638,782,1
587,116,2
542,159,1
75,274,2
80,592,1
417,334,2
727,612,1
553,85,1
342,337,2
468,281,2
379,135,2
736,69,2
72,272,1
661,191,2
153,291,1
281,72,2
470,643,2
603,787,1
78,640,1
231,459,2
762,248,2
699,67,1
595,71,1
318,32,2
319,245,2
294,162,2
777,739,1
339,154,2
518,425,1
541,266,1
633,288,1
577,406,1
388,518,2
405,469,2
784,37,2
503,514,1
504,576,2
324,445,2
471,375,2
692,700,2
732,690,1
754,786,2
331,171,2
150,524,2
745,293,1
774,229,2
192,105,1
788,60,2
344,160,1
44,251,1
707,340,2
799,640,1
346,638,2
125,21,1
241,629,2
763,749,1
798,486,1
427,419,1
288,127,1
187,682,2
113,6,2
609,759,2
778,673,1
463,424,2
620,614,2
705,613,1
797,424,1
182,303,2
553,770,1
468,135,2
420,127,1
244,354,1
280,524,1
442,367,2
784,743,2
311,635,2
712,211,1
695,589,2
686,259,2
340,751,1
54,115,2
623,106,1
433,545,2
179,663,2
797,103,2
293,798,2
450,349,2
410,591,1
740,273,1
256,420,2
768,401,1
635,341,1
553,718,1
610,624,1
34,312,1
754,512,2
307,605,1
429,579,1
287,127,2
501,225,1
28,638,1
400,627,1
188,87,2
222,456,1
75,672,2
370,591,1
382,269,2
678,456,2
168,718,2
487,615,2
41,7,2
591,345,2
452,414,2
605,42,2
133,349,1
541,79,1
479,255,2
665,94,2
4,379,1
603,717,2
693,480,2
746,431,2
287,66,2
765,364,1
473,735,2
152,533,2
694,95,1
100,482,1
232,357,1
28,9,2
525,441,1
124,208,1
573,787,2
546,738,1
40,345,1
553,213,1
663,666,1
62,761,1
770,668,1
638,434,1
612,171,2
637,127,2
423,535,1
591,495,2
4,460,1
752,191,1
393,528,2
782,358,2
52,412,2
698,695,1
799,455,1
629,376,1
503,367,1
55,132,2
183,30,2
403,8,2
359,459,1
522,535,1
797,260,1
9,579,1
164,425,1
757,382,1
258,327,1
509,496,2
411,160,2
750,575,2
680,596,2
549,400,1
408,180,2
165,582,1
719,488,2
739,440,1
606,746,1
127,563,1
264,319,1
595,342,1
464,446,2
552,71,1
97,557,2
19,112,1
26,731,1
190,576,2
78,290,1
428,324,1
491,236,2
70,225,2
678,508,2
758,274,2
554,316,2
398,597,1
389,577,1
642,627,2
486,5,2
178,684,1
608,76,1
788,563,2
307,128,1
728,154,2
482,327,2
507,337,2
301,622,1
312,76,2
53,706,2
243,694,2
536,267,1
663,222,1
518,561,1
723,96,1
447,5,2
613,217,1
423,411,1
145,207,1
758,666,1
621,370,2
233,135,2
521,121,1
75,85,2
281,399,1
646,747,2
675,152,2
8,377,1
692,435,1
356,341,1
178,799,2
545,24,2
486,330,2
108,538,2
249,418,1
131,703,1
587,257,1
250,243,1
439,482,2
52,194,2
467,411,1
588,60,1
140,143,2
795,122,1
424,164,2
622,181,2
710,28,2
666,494,2
682,688,1
289,379,2
592,430,2
523,576,2
473,461,1
396,511,2
93,777,1
245,435,1
187,545,2
207,606,2
59,538,1
111,448,2
800,52,1
289,89,2
47,369,2
321,285,2
347,741,1
40,25,1
423,168,1
239,716,2
449,469,2
285,624,1
431,454,1
481,593,1
267,23,2
694,776,1
41,748,2
224,424,2
561,615,2
501,28,2
591,710,2
11,207,1
130,144,1
444,252,1
260,346,1
137,96,1
76,758,2
683,494,2
451,333,1
113,762,2
482,330,2
471,713,2
489,288,2
254,770,1
425,673,1
313,470,1
739,194,1
195,555,2
21,368,2
370,301,2
437,391,1
403,374,1
415,448,2
540,649,1
587,190,1
399,779,2
352,490,2
330,684,1
262,74,1
45,352,2
523,639,1
436,20,2
169,315,1
730,669,1
473,116,2
69,794,2
199,488,2
174,497,2
195,759,2
67,161,1
335,318,1
643,33,1
240,366,2
760,697,2
603,70,2
426,17,1
81,272,2
59,497,1
762,623,2
472,203,1
640,774,2
8,771,1
81,432,2
547,163,2
204,615,1
139,449,1
415,315,1
252,604,2
410,396,1
2,630,2
297,651,2
38,108,2
197,663,2
355,784,2
70,668,2
139,130,1
745,597,1
162,553,2
788,617,2
477,556,1
550,617,1
23,306,1
452,198,1
53,443,2
185,747,2
387,22,2
441,4,2
209,660,2
496,281,1
372,85,2
715,64,1
559,665,1
453,192,1
781,396,1
213,381,1
117,236,2
317,338,2
546,747,2
147,476,1
549,148,1
354,367,2
689,71,2
176,234,2
362,76,1
589,1,1
236,488,1
157,477,2
63,69,1
472,476,1
353,404,2
789,684,2
131,19,1
554,711,1
604,106,2
714,346,1
293,408,1
55,66,2
613,149,1
57,442,1
64,537,2
467,702,1
472,227,1
211,477,2
141,394,2
260,717,2
310,326,2
480,600,2
523,690,2
44,315,1
779,74,2
88,311,2
228,564,1
412,7,2
712,483,1
334,790,1
650,425,2
369,135,2
365,445,1
7,243,1
440,201,1
624,42,2
610,586,2
697,629,2
119,26,2
165,15,1
207,440,2
723,612,1
407,652,1
465,618,1
237,456,2
33,668,2
369,574,2
269,664,1
548,111,1
478,452,1
330,479,2
222,178,2
21,103,2
132,269,1
405,342,2
116,266,1
796,248,2
482,339,2
165,88,1
6,389,1
83,266,1
19,98,1
533,355,2
289,43,2
264,366,1
369,259,2
376,541,2
324,297,2
653,207,2
307,340,2
175,535,2
400,472,2
689,18,1
784,203,2
462,542,2
514,513,2
234,410,2
576,128,1
718,564,1
520,556,2
709,514,1
647,431,2
738,442,2
545,486,1
577,140,1
557,15,1
345,657,2
450,65,2
522,207,1
309,138,2
47,66,2
375,466,2
347,655,2
342,214,1
204,184,2
743,125,2
389,67,2
312,596,2
244,50,1
659,112,2
675,614,2
672,718,2
578,379,2
133,499,2
697,730,1
650,406,2
412,594,1
78,439,1
162,58,2
671,57,2
710,214,2
600,249,2
28,152,1
84,764,1
623,224,1
715,302,1
636,364,2
314,350,2
456,525,2
694,382,1
672,53,1
434,628,2
568,216,2
198,704,2
511,656,2
427,779,1
289,68,2
286,711,2
234,540,2
556,213,1
645,743,1
641,377,2
470,32,2
484,761,1
373,54,1
246,589,1
664,593,1
343,92,1
645,277,1
279,148,1
85,145,1
552,71,1
452,333,2
738,43,2
747,5,1
172,592,1
235,629,2
314,107,1
679,217,1
522,725,1
424,751,1
771,348,2
465,362,2
169,105,1
426,52,1
556,678,1
199,657,2
275,109,1
50,778,2
106,289,1
732,676,1
373,215,1
525,240,1
371,652,1
61,739,1
466,159,2
262,152,2
196,20,2
633,75,1
490,538,2
442,598,2
197,351,2
360,671,2
593,495,2
774,216,2
304,618,2
695,709,2
373,293,2
684,250,2
644,307,2
459,162,2
588,603,1
108,307,2
448,168,1
156,534,1
592,262,2
359,300,2
40,787,1
456,207,2
62,162,2
721,209,2
432,756,1
49,125,2
489,322,2
544,651,1
414,19,1
142,574,2
216,164,2
271,706,2
509,431,2
101,86,2
170,376,1
137,751,1
695,655,2
536,486,1
650,544,2
669,440,2
169,369,1
615,422,2
291,574,2
300,164,2
459,660,1
204,769,1
290,700,2
636,88,1
374,539,2
768,230,2
394,774,1
109,30,1
683,253,2
391,100,2
561,638,2
7,195,1
462,658,2
778,298,1
436,9,2
2,450,2
579,632,2
649,475,1
365,202,2
257,477,2
321,407,2
695,262,2
780,58,2
36,321,1
402,170,2
733,537,2
440,638,2
1,230,2
78,23,2
585,770,2
800,608,2
216,491,2
762,76,1
15,418,2
237,791,2
518,375,1
139,450,1
549,160,1
516,648,2
177,356,1
624,729,2
667,204,2
438,120,1
731,299,1
636,350,2
550,472,1
52,542,2
428,59,2
158,110,2
702,604,1
702,225,2
368,470,1
494,127,1
452,581,2
11,557,2
390,162,2
332,646,2
118,498,2
111,553,2
496,543,2
445,423,2
425,360,1
743,755,2
97,719,1
32,619,1
574,641,1
358,656,1
101,377,1
342,129,1
448,350,2
365,505,2
428,429,2
208,61,2
760,509,1
408,77,2
502,672,1
383,62,1
720,414,2
188,223,2
366,114,1
307,141,1
523,121,1
207,158,2
294,584,2
250,77,1
645,666,1
82,664,2
327,335,2
30,386,1
722,700,2
563,640,1
67,398,2
185,85,2
82,379,2
425,685,1
280,33,1
373,345,2
95,482,1
223,58,2
376,684,1
611,169,1
151,638,2
767,327,2
83,522,2
556,280,2
706,585,1
366,556,2
276,399,1
708,498,2
327,418,2
20,317,1
784,296,2
283,77,1
532,292,1
543,90,1
589,223,2
249,51,1
138,151,1
484,715,2
796,103,2
464,384,2
344,519,1
71,93,1
218,646,2
99,682,2
539,18,1
16,8,2
10,264,2
790,35,2
552,606,1
601,722,2
735,700,2
472,654,1
589,698,1
505,105,1
243,39,2
264,400,1
653,134,1
185,753,1
611,360,1
252,364,2
610,608,2
451,668,1
136,603,1
239,403,2
784,134,2
198,394,2
178,127,2
498,361,1
666,22,2
115,57,2
641,144,2
207,328,2
123,788,1
584,668,2
518,650,1
91,730,2
132,732,2
383,546,2
194,512,1
635,600,1
557,145,1
528,47,1
227,763,1
393,470,1
762,400,2
697,198,1
388,115,2
741,361,2
181,644,1
330,160,2
510,617,2
163,605,1
240,33,1
669,548,2
238,719,2
634,585,2
456,288,2
763,367,2
277,55,2
431,532,2
665,260,2
230,518,2
192,215,2
548,412,1
195,798,2
522,485,1
680,148,2
260,653,1
578,535,2
212,603,1
178,390,1
322,583,2
745,136,1
137,640,1
679,45,1
765,474,2
341,272,2
556,584,2
297,656,2
534,351,1
407,669,1
369,208,1
411,505,2
468,81,2
8,778,1
582,176,1
751,692,2
1,161,2
544,40,1
201,666,2
798,472,2
446,385,1
472,379,1
109,210,2
567,500,1
453,782,1
581,66,1
657,124,2
109,358,1
35,650,2
537,377,1
347,358,2
368,626,1
551,63,1
37,445,1
401,585,1
192,96,1
37,533,2
428,181,1
417,327,2
481,610,1
117,223,2
178,179,2
285,183,2
197,322,2
481,788,1
276,531,1
794,719,1
362,737,2
194,503,2
475,261,2
119,749,1
564,128,2
768,185,1
708,480,1
197,313,2
638,605,1
111,658,2
621,281,1
554,468,1
363,195,2
504,628,2
190,224,2
312,773,2
314,431,1
362,133,2
173,683,2
91,728,1
479,640,1
348,641,1
310,508,2
139,760,1
253,222,1
24,144,1
761,698,2
172,537,1
642,194,1
285,705,2
152,628,2
791,603,2
547,724,2
295,121,1
37,654,1
103,687,1
256,443,2
749,517,2
303,234,2
547,103,2
405,180,2
195,773,2
647,444,2
114,293,2
760,590,2
771,531,2
177,584,1
371,484,2
397,532,2
453,632,1
85,498,1
543,72,2
238,749,1
221,414,2
440,90,2
774,77,2
405,756,2
701,95,1
217,791,2
593,346,2
594,397,2
755,793,2
424,449,1
513,444,1
781,652,1
787,656,1
37,432,2
126,744,1
610,181,1
179,49,1
368,449,1
693,137,2
675,25,2
516,555,1
322,106,2
382,296,1
261,454,1
688,588,2
132,477,2
483,304,1
484,33,1
426,385,1
122,720,2
334,457,1
257,462,1
344,173,1
746,589,2
527,450,1
645,680,1
40,749,1
38,301,2
536,593,1
674,632,1
649,330,1
218,51,2
677,483,1
272,159,1
11,427,2
233,379,1
488,647,2
443,241,1
669,501,2
723,77,1
84,764,1
147,164,2
133,446,1
208,336,2
527,303,1
489,321,2
469,249,2
301,500,1
795,407,1
413,500,1
556,708,2
463,316,2
275,115,1
364,532,2
759,53,1
491,666,2
516,492,2
725,574,2
181,71,2
55,134,2
789,555,2
393,702,2
787,306,2
373,400,1
299,411,1
719,343,2
37,351,1
534,162,1
310,734,1
117,19,2
741,776,2
387,145,1
770,342,2
139,561,1
329,305,2
672,279,2
403,561,1
617,443,2
545,675,1
407,443,2
166,312,1
604,2,2
532,128,1
503,287,1
397,595,1
339,445,1
37,776,1
619,278,2
194,195,2
383,3,1
164,374,1
132,319,1
255,638,1
695,260,2
742,566,1
555,766,2
152,551,2
158,25,1
522,511,1
44,763,1
410,310,1
129,496,1
671,794,2
646,510,1
454,721,2
482,580,2
145,430,2
258,495,2
632,423,2
40,148,1
629,169,1
201,28,2
693,515,1
271,792,2
358,482,1
428,157,1
552,639,1
601,736,2
516,634,1
436,659,1
496,774,2
518,85,2
282,166,2
586,495,2
638,55,2
635,158,1
733,292,1
777,774,1
606,415,1
269,146,1
416,659,1
498,207,1
333,568,2
513,413,1
793,16,1
105,506,2
542,607,1
673,327,1
732,604,1
599,158,2
524,753,1
110,696,1
190,684,2
446,99,1
305,244,2
748,745,1
484,799,1
716,16,1
366,295,1
319,641,1
464,753,1
255,277,1
500,454,2
374,260,2
212,42,1
15,292,1
96,330,2
385,31,1
575,132,2
54,164,2
405,423,2
541,669,1
398,218,1
430,70,1
601,279,2
683,494,2
289,48,2
687,663,2
425,681,1
8,575,1
146,175,2
582,40,2
554,498,1
277,470,1
20,90,1
143,65,2
440,582,2
191,718,2
73,198,2
197,205,2
76,699,2
452,84,2
625,771,2
692,186,1
416,747,2
532,494,2
498,99,1
644,490,2
126,334,2
366,686,1
382,568,2
242,252,1
587,783,1
184,584,1
175,534,2
472,755,1
677,89,1
408,523,2
785,273,1
469,238,1
526,460,1
496,322,2
543,790,1
140,43,1
327,784,1
520,727,2
486,318,1
633,76,1
276,756,1
554,132,1
581,115,1
18,281,2
531,47,1
655,634,2
9,709,2
310,317,2
752,397,2
203,673,2
499,715,1
505,619,1
530,524,2
311,322,1
131,305,1
697,55,1
488,204,2
45,106,2
441,219,2
92,492,1
152,127,2
250,10,1
211,482,2
273,330,1
465,799,1
316,594,1
135,216,1
326,22,2
566,637,2
745,662,1
732,754,1
415,56,1
136,449,1
799,572,2
533,567,1
86,439,2
602,777,2
204,313,2
210,381,2
316,719,1
525,654,1
563,768,2
707,625,1
241,438,2
766,224,1
430,377,1
289,123,2
596,674,2
620,778,2
407,565,2
521,434,1
153,677,2
522,202,1
647,345,1
139,515,1
297,67,2
557,4,1
554,46,1
178,514,2
537,104,1
528,584,1
594,573,2
750,14,1
578,545,2
742,240,1
727,97,1
607,130,2
233,464,1
253,601,1
147,151,1
704,295,1
636,361,2
183,281,2
719,347,2
416,692,2
413,588,2
629,446,1
98,614,2
553,480,1
107,185,2
208,661,2
193,351,1
426,146,1
222,100,2
58,457,1
202,494,2
207,258,2
718,192,1
491,149,2
399,386,2
481,448,1
122,366,2
50,220,1
218,493,2
347,77,2
585,559,2
795,471,1
249,439,1
678,693,2
309,486,1
219,543,1
141,436,1
213,161,2
312,16,2
402,232,2
442,388,2
137,709,2
607,249,2
351,51,1
466,554,2
694,332,1
70,245,1
452,707,2
474,599,1
671,16,1
581,580,1
160,631,2
82,776,2
55,481,2
53,146,2
391,792,2
765,597,1
771,344,2
680,232,2
307,497,1
694,615,1
71,628,1
19,412,1
319,738,1
203,303,2
592,244,2
507,519,2
459,95,2
269,702,2
273,313,2
262,636,1
345,762,1
201,541,2
356,761,2
579,432,2
472,27,1
667,136,2
309,603,2
391,25,2
212,416,1
705,521,1
7,603,1
68,535,2
754,655,2
652,169,2
335,113,1
192,488,1
489,542,2
591,658,2
77,620,1
189,783,2
623,594,1
666,157,2
577,704,2
161,259,2
729,248,2
637,663,2
778,706,2
234,469,1
369,755,1
286,313,2
217,392,2
385,211,1
729,590,2
194,658,2
437,423,2
637,736,2
528,685,1
147,547,1
765,526,2
120,268,2
107,350,2
749,556,2
472,547,1
33,218,1
238,126,2
591,247,2
409,212,2
194,327,2
345,114,1
326,784,1
592,108,2
418,614,1
791,505,2
376,177,2
516,683,2
162,733,1
411,537,2
563,750,1
486,617,2
706,188,1
333,281,1
151,513,2
304,279,2
733,641,1
51,223,2
48,703,2
398,247,1
202,479,2
244,285,1
715,169,1
223,294,1
260,124,2
293,172,2
573,672,1
54,297,1
59,127,1
322,333,2
308,506,1
779,762,2
689,421,2
401,132,2
284,540,2
266,651,2
302,513,2
481,418,1
523,350,2
526,625,1
424,597,1
551,302,1
726,631,1
618,378,1
355,3,2
639,427,2
534,711,2
666,417,2
762,46,2
357,110,2
785,726,2
395,285,2
257,513,2
17,748,2
242,296,2
340,452,1
383,384,1
318,337,2
340,182,1
558,455,2
284,621,1
539,523,1
730,550,2
398,375,1
654,492,2
576,632,1
765,615,1
240,570,2
47,225,2
600,178,1
54,429,2
77,1,1
719,37,2
213,678,1
152,423,2
517,775,1
490,220,1
340,244,1
194,176,1
353,115,2
568,320,1
764,9,2
227,775,1
375,296,2
94,233,2
276,310,1
693,218,1
268,162,2
340,573,1
236,86,1
428,556,1
629,395,1
483,516,2
134,258,1
21,790,2
111,165,2
240,455,2
30,171,2
595,754,1
13,734,1
335,651,2
613,243,1
425,752,1
70,454,2
81,510,2
636,84,2
549,89,1
115,798,1
277,60,2
651,183,2
120,158,2
565,755,1
634,550,2
572,310,1
73,728,2
496,355,2
37,134,2
542,150,1
212,618,1
725,7,2
327,319,1
521,145,1
466,703,2
276,125,1
479,777,2
598,164,2
709,56,1
109,198,1
439,758,2
667,679,2
195,351,2
655,245,2
601,755,2
53,609,2
373,384,2
772,193,1
447,313,2
102,8,1
740,218,1
635,95,1
234,637,1
354,164,2
287,432,2
504,634,2
226,374,2
451,665,1
439,82,1
266,54,2
66,541,2
49,521,2
578,265,2
555,107,1
510,634,2
111,784,2
194,300,2
369,552,2
283,170,2
708,232,1
492,651,2
625,523,2
351,452,1
761,110,2
515,14,1
533,656,1
489,517,2
488,300,2
788,38,1
131,774,1
9,170,1
24,351,1
756,390,1
387,328,1
404,349,2
560,702,2
330,91,2
210,436,2
643,751,1
17,435,2
280,306,1
29,9,2
363,201,1
687,401,1
642,475,2
440,525,2
50,313,2
87,72,1
263,248,1
228,425,2
401,106,2
528,443,1
502,48,2
513,421,1
483,589,1
156,486,2
250,577,1
789,662,2
627,277,2
526,246,1
218,330,2
549,621,1
580,488,1
4,585,1
429,524,1
327,85,2
31,192,1
639,760,2
798,265,2
166,340,2
482,283,2
340,375,1
765,5,1
546,184,2
432,250,1
557,689,1
26,7,2
69,224,2
339,300,1
557,452,1
732,777,1
166,135,2
204,244,1
240,434,1
661,769,2
18,588,2
74,516,1
269,136,2
34,351,1
343,111,1
582,99,1
456,305,2
214,245,1
36,200,1
719,470,1
640,470,2
403,424,2
599,604,2
244,354,1
48,730,1
278,260,2
399,603,2
165,149,1
139,434,1
632,746,2
767,496,1
53,762,2
779,713,2
72,28,1
724,422,1
724,767,1
1,620,2
680,691,2
295,30,2
141,563,1
369,562,1
408,601,1
304,352,2
132,24,2
488,502,2
376,534,2
93,429,2
262,798,2
371,625,1
141,620,1
27,288,2
360,60,1
387,396,1
730,470,1
373,626,1
697,124,1
657,653,2
347,643,2
455,85,2
287,620,2
666,663,2
755,490,2
206,627,1
283,362,2
626,270,2
535,450,1
95,269,2
440,128,2
800,318,1
245,228,2
415,676,2
116,640,1
799,589,1
93,256,1
240,421,2
350,507,1
295,182,1
657,759,1
537,438,2
263,15,1
151,299,2
23,93,1
412,574,2
400,720,2
102,554,1
234,452,1
777,641,1
779,676,2
799,772,2
331,501,2
82,128,2
10,144,2
392,69,2
327,154,2
452,701,2
261,684,1
259,206,1
605,467,2
539,660,1
56,684,2
527,439,1
99,257,2
67,735,1
461,27,2
279,514,1
153,83,1
604,79,2
106,40,2
749,448,2
399,381,2
501,790,1
70,568,1
662,141,2
462,739,1
165,742,1
31,113,1
679,231,1
441,786,2
596,348,2
207,385,2
787,400,1
426,288,2
99,253,1
58,378,2
188,240,2
533,521,2
767,46,1
144,239,2
694,762,1
404,532,2
520,100,2
356,155,2
393,688,1
279,491,1
211,602,2
521,90,1
51,534,2
638,532,2
381,273,1
468,708,2
384,421,2
759,381,1
35,128,2
2,591,1
485,752,2
497,36,1
639,210,1
377,103,2
646,116,1
260,167,1
47,200,1
736,170,1
406,172,2
761,307,2
651,756,2
281,437,2
113,219,2
375,259,2
111,224,1
106,588,2
232,63,2
357,161,2
452,506,1
750,680,1
725,305,1
549,665,1
197,46,2
709,187,1
493,598,1
507,581,2
362,447,1
60,439,1
238,776,2
528,725,1
651,92,1
680,548,2
453,790,2
142,602,1
144,746,2
632,313,2
72,658,1
585,243,2
782,482,1
483,215,1
242,461,1
5,321,1
425,765,1
559,333,1
545,652,1
60,604,2
673,567,1
769,679,2
156,10,1
147,640,1
147,295,1
459,480,2
566,137,2
731,281,1
689,63,2
87,41,2
299,550,2
326,503,2
694,673,1
268,672,1
729,114,1
434,475,2
416,354,1
437,113,1
383,716,2
705,196,1
122,342,2
396,135,2
617,293,2
331,427,2
682,381,1
725,272,2
504,328,2
775,688,2
211,715,2
379,22,2
612,753,1
314,790,1
167,569,2
611,768,1
621,102,2
216,488,1
155,237,1
752,606,2
471,387,2
441,660,1
154,69,1
251,710,2
777,41,1
361,330,1
654,785,2
415,465,2
536,149,1
82,785,2
761,346,2
674,125,2
257,629,2
433,277,2
467,204,1
744,222,1
559,437,2
520,746,1
228,775,1
61,126,1
459,410,2
153,194,1
771,450,2
297,531,2
191,258,2
759,144,1
519,64,1
136,612,1
439,545,2
35,623,2
353,119,2
82,551,2
728,475,2
94,248,2
145,717,2
362,445,1
378,210,1
181,422,2
293,303,2
793,347,1
562,390,1
715,553,2
360,623,2
153,793,2
643,366,1
215,29,2
54,87,1
32,116,1
88,208,2
91,566,1
749,587,2
261,742,1
20,125,1
554,163,2
567,527,2
309,581,2
787,551,2
365,375,2
640,186,2
384,266,1
627,372,1
246,446,2
214,538,2
704,667,1
316,681,1
276,759,1
555,361,2
461,184,2
199,712,2
441,180,1
424,55,2
653,600,2
246,662,1
672,59,2
217,318,1
222,43,2
494,228,1
450,382,2
149,347,2
265,630,1
508,298,1
117,200,2
400,792,2
484,607,1
514,515,1
741,672,2
688,625,1
433,569,2
303,306,2
722,275,2
144,5,2
474,54,1
733,178,2
73,310,2
687,243,1
5,122,1
60,237,1
448,302,2
67,589,1
260,239,1
343,464,1
189,195,2
621,110,2
583,751,1
485,320,2
327,380,2
709,791,1
374,234,2
221,118,1
271,755,1
403,339,2
353,635,2
577,559,2
594,9,2
185,17,1
681,321,1
708,646,1
725,199,1
436,675,1
778,156,1
287,83,2
362,755,1
352,226,1
511,218,1
9,448,1
395,71,2
228,571,1
622,787,2
275,115,1
99,124,2
320,268,1
581,303,1
625,785,2
4,304,1
445,74,2
797,426,1
766,139,2
542,300,1
655,41,1
706,439,1
14,306,2
161,146,1
159,84,2
536,264,2
9,559,1
638,728,1
547,733,1
533,358,1
226,437,2
468,221,2
764,661,1
628,710,2
329,176,1
419,755,1
88,150,2
177,324,1
578,418,2
445,261,2
68,788,1
201,594,2
9,478,2
745,674,1
38,714,2
619,512,1
225,661,2
452,567,2
162,289,1
163,763,1
160,55,2
154,765,1
609,753,1
433,105,2
666,366,2
760,200,1
114,778,2
48,305,1
188,663,2
164,39,1
114,99,2
236,752,2
627,661,1
473,532,2
551,646,1
364,320,2
757,706,2
309,455,1
123,574,2
456,404,2
499,225,1
163,691,1
785,598,1
224,779,2
446,180,1
594,585,1
5,118,1
625,510,2
650,491,1
463,554,2
686,442,2
557,164,2
89,332,1
152,648,2
777,723,1
244,19,2
471,470,1
410,620,1
757,144,2
726,329,1
655,164,2
515,397,2
576,149,1
460,516,2
385,245,2
732,324,1
205,84,1
29,364,2
279,780,1
719,193,2
289,361,2
228,423,2
179,694,2
140,456,2
342,431,1
790,266,2
602,212,2
490,371,1
681,714,2
120,91,2
453,609,1
322,502,2
673,100,2
154,201,1
55,745,2
184,97,1
534,721,1
558,310,1
144,619,2
321,736,2
111,793,2
248,522,2
334,211,1
750,642,2
650,621,1
655,103,2
387,361,2
555,161,2
151,627,1
638,437,2
180,403,1
624,442,2
72,681,1
125,60,1
193,277,1
55,744,1
14,233,2
642,551,2
369,585,1
351,144,1
634,322,1
408,143,2
136,166,2
37,189,1
772,271,1
526,573,1
678,575,2
307,659,1
300,656,1
539,324,1
183,359,2
260,720,1
563,365,1
152,566,2
79,162,2
329,692,2
502,259,2
797,59,2
311,302,2
595,280,2
84,400,1
138,667,1
305,28,2
201,179,2
755,83,1
113,244,2
765,638,1
46,119,2
355,524,2
544,116,1
75,146,2
13,343,2
113,448,2
615,619,2
634,2,1
375,668,1
676,525,2
507,465,2
158,692,1
366,715,2
491,314,2
431,597,1
57,141,1
127,223,2
581,69,1
136,371,1
502,320,2
304,654,2
440,203,2
81,355,2
582,526,2
41,199,2
595,409,2
779,528,2
245,400,1
689,428,2
612,133,2
560,204,2
585,365,1
770,541,2
436,392,2
777,532,2
441,635,2
288,191,1
391,335,2
640,498,2
384,222,1
157,675,1
259,38,1
496,705,2
156,472,2
34,17,1
65,43,1
6,377,1
476,418,2
774,732,2
371,128,1
327,349,2
96,753,1
761,750,2
47,329,1
222,568,2
62,358,2
550,654,1
637,624,1
647,585,2
322,672,2
683,228,2
247,230,2
68,798,2
300,79,1
290,456,2
81,43,1
49,24,2
301,109,1
199,687,2
497,333,1
402,421,2
169,280,2
717,109,1
106,110,2
481,451,1
472,307,1
586,442,1
478,342,1
146,292,1
708,207,1
192,438,2
618,463,2
83,615,2
333,381,1
291,350,2
436,214,2
378,636,2
31,292,1
381,373,2
112,172,2
4,492,1
46,230,2
659,107,2
31,509,1
304,80,2
494,781,1
220,25,1
422,172,2
111,356,1
714,533,1
671,785,2
789,422,2
707,471,1
189,683,2
6,305,1
322,260,2
450,291,2
431,517,1
565,453,2
420,723,1
336,654,1
677,4,1
141,11,1
130,687,1
229,216,2
11,529,1
629,250,1
102,486,2
588,508,1
81,565,2
689,316,2
290,377,2
367,15,1
16,738,1
13,285,1
797,231,1
630,531,2
637,476,2
644,635,2
618,753,1
473,1,1
454,683,1
583,460,1
533,715,2
524,65,2
200,130,2
207,750,2
12,706,2
329,100,2
515,196,2
572,269,1
688,770,2
64,298,2
786,558,1
775,93,2
232,557,2
529,787,2
593,524,2
510,716,2
357,700,2
683,478,2
460,225,1
503,151,1
573,731,2
745,634,1
176,190,2
561,37,2
722,155,2
752,219,2
56,408,2
290,286,2
604,711,2
686,304,1
418,26,1
576,785,1
45,694,2
184,331,1
231,338,2
69,632,1
645,432,2
231,145,2
639,218,2
101,7,2
397,601,1
736,496,2
151,789,1
586,653,2
128,442,1
339,726,1
139,21,1
707,739,1
101,796,2
28,708,1
136,354,1
283,299,2
670,421,2
207,241,2
225,797,2
586,733,1
320,610,2
479,35,1
571,116,2
571,109,2
417,689,2
684,772,2
630,527,2
446,453,2
431,149,1
283,596,2
219,287,1
586,416,1
111,615,2
678,64,2
171,676,1
411,177,2
119,482,1
285,495,2
569,716,2
480,135,2
190,290,1
566,325,1
651,110,1
579,615,2
298,592,1
648,320,1
306,507,1
98,458,1
87,365,2
798,502,1
615,405,2
521,88,1
164,341,1
30,463,1
366,642,1
102,555,1
29,25,2
239,147,2
595,160,2
314,93,2
608,706,1
143,673,2
453,382,1
330,725,2
262,205,2
514,257,2
369,613,2
511,622,1
243,411,1
679,775,1
291,758,2
127,515,1
732,18,1
422,731,1
127,333,1
412,373,2
799,593,1
276,292,1
593,747,2
537,121,2
490,352,1
490,219,1
518,70,2
74,334,2
798,386,1
556,479,1
89,701,2
237,541,2
675,345,2
581,424,1
336,410,2
91,259,2
253,108,2
24,349,1
14,440,2
16,195,1
10,639,1
232,691,1
731,752,1
711,395,1
84,49,1
386,750,1
505,458,1
652,685,2
71,344,1
779,218,1
310,699,2
198,217,1
461,148,2
386,516,1
100,112,1
345,525,2
553,339,1
484,206,2
529,246,2
553,516,1
82,137,2
746,478,2
36,724,2
326,685,1
218,706,2
128,790,2
637,52,1
594,108,2
209,565,1
332,670,2
352,270,2
748,203,1
679,136,1
795,69,1
535,326,1
718,645,1
244,579,1
564,280,2
72,343,1
575,505,2
747,78,1
201,617,2
151,185,2
599,412,2
408,229,2
508,576,2
372,327,1
267,266,1
632,309,1
459,225,1
95,765,2
528,582,1
300,194,1
580,492,1
230,34,1
577,441,2
100,144,1
52,764,2
285,102,2
210,147,2
481,398,1
465,532,1
596,479,2
798,337,2
8,126,1
180,518,2
277,478,2
384,456,1
11,402,1
158,640,1
624,332,2
521,190,1
560,277,1
641,644,2
263,565,1
250,71,2
583,668,1
622,796,1
752,380,2
150,546,2
515,467,2
422,61,1
777,53,1
681,279,2
429,372,1
711,749,1
514,521,2
368,629,2
525,30,2
451,713,2
252,52,1
152,571,2
299,456,1
124,568,1
91,6,2
142,446,1
331,479,2
314,30,1
706,459,1
409,252,1
625,585,1
677,760,1
108,161,1
484,633,2
653,189,1
740,369,1
11,89,1
663,186,1
577,410,2
546,195,1
22,83,1
711,486,1
273,103,2
196,52,1
212,317,1
357,579,1
383,645,1
475,780,1
796,648,2
27,571,1
730,597,2
236,46,1
200,120,1
662,761,1
639,275,2
15,119,2
376,640,1
155,484,1
400,374,1
476,212,2
63,192,1
721,18,1
622,194,1
216,133,2
101,232,1
640,117,2
87,796,2
697,329,1
279,326,1
471,455,2
467,360,1
42,157,2
505,36,1
769,664,2
99,537,2
743,591,2
613,622,1
214,388,1
673,548,2
97,297,1
434,201,1
108,560,1
639,363,2
689,636,1
644,408,2
613,48,2
395,450,2
148,669,1
582,273,1
340,456,1
692,232,2
140,96,2
81,360,1
488,320,2
221,99,2
342,500,2
691,146,2
480,47,1
249,789,1
229,789,1
485,238,2
152,694,2
514,113,1
702,412,1
560,230,2
798,112,1
255,338,1
239,364,2
519,696,1
800,205,2
721,631,2
247,91,1
552,601,1
695,780,2
515,559,2
202,716,2
573,76,1
204,394,2
759,675,1
213,531,2
400,13,2
623,61,1
296,246,2
382,170,1
559,582,2
447,351,2
472,467,2
392,427,2
113,40,2
356,418,2
666,783,1
339,54,1
304,193,2
776,697,2
137,354,1
4,677,2
261,593,1
244,177,2
350,503,1
662,383,2
661,179,2
304,165,2
237,32,2
239,155,2
543,620,1
43,673,2
166,411,1
451,681,1
521,249,2
433,70,1
763,621,2
666,371,2
482,665,1
316,433,1
749,730,2
366,267,1
659,774,2
573,19,2
339,647,1
97,107,2
322,677,1
120,496,1
494,588,2
737,664,1
313,750,1
276,83,1
399,72,1
23,745,2
344,734,1
489,91,2
452,347,2
793,271,1
328,644,1
673,138,2
473,343,2
44,413,1
59,284,1
502,61,2
603,208,1
244,346,1
496,38,1
339,68,1
3,451,1
219,438,2
291,196,1
60,25,2
495,364,1
422,782,1
415,344,2
457,80,2
468,446,2
604,769,1
103,259,1
164,156,1
590,621,1
428,152,1
751,638,2
405,774,1
555,298,1
592,451,2
404,257,2
255,222,1
548,789,1
366,59,2
443,428,2
690,85,2
101,267,1
498,583,2
673,448,1
385,191,2
298,501,1
635,27,1
290,303,2
199,238,1
297,759,2
85,378,1
301,569,1
591,96,1
276,267,1
271,777,1
612,429,2
631,704,2
716,75,1
643,135,2
616,600,1
555,435,1
501,448,2
5,761,1
716,776,1
358,656,1
410,15,1
665,227,2
562,468,1
171,278,1
518,396,1
221,585,1
60,456,1
717,278,1
344,195,1
615,398,2
577,464,2
299,5,1
128,8,2
372,651,2
796,348,2
201,157,2
648,671,1
690,488,1
751,333,1
171,237,1
222,388,2
418,646,1
416,469,2
134,101,2
478,626,2
405,587,2
721,641,1
630,41,1
12,650,1
454,259,2
121,405,2
690,609,1
580,714,2
97,242,2
157,698,1
568,319,1
194,131,2
395,251,2
579,771,2
538,595,1
590,266,1
192,248,2
493,191,1
512,367,2
198,213,2
402,713,2
662,761,1
179,97,1
118,69,1
114,789,1
36,357,2
50,374,1
119,619,1
171,563,1
698,670,1
181,82,2
374,664,2
216,370,1
2,157,2
705,310,1
31,800,1
57,290,1
622,580,2
5,38,1
133,529,1
538,400,1
672,751,2
538,787,1
720,91,2
501,216,2
302,653,2
225,488,1
690,727,2
620,762,1
389,509,2
305,699,2
447,261,2
136,264,2
643,142,1
734,674,2
457,346,2
419,797,2
105,1,2
675,549,2
79,338,1
95,114,1
245,646,2
763,59,2
714,407,1
164,796,1
429,513,1
294,482,2
799,691,1
548,338,1
53,534,2
426,592,1
458,164,2
455,533,2
62,138,2
89,555,2
394,593,1
180,572,2
600,252,1
281,367,2
410,769,1
632,751,1
618,60,1
591,785,2
98,670,2
312,191,2
417,631,2
43,520,2
100,509,1
475,15,1
568,69,2
680,728,1
24,635,1
424,725,1
301,391,1
697,359,1
503,680,1
48,196,1
348,458,1
371,241,1
275,139,1
469,185,1
533,276,2
567,141,2
96,322,2
35,639,1
337,45,1
488,656,2
242,322,1
705,599,1
398,789,1
605,276,2
268,357,2
10,770,2
12,4,2
206,58,2
729,532,2
213,166,2
76,559,2
645,353,1
174,159,2
257,549,2
468,101,2
514,265,2
333,471,1
71,140,1
354,452,2
347,23,2
341,333,2
159,429,2
730,714,2
394,700,1
490,46,1
61,351,1
603,249,2
234,785,1
151,393,2
488,653,2
731,720,1
78,777,2
139,565,1
764,44,2
338,242,2
677,540,2
797,96,1
323,692,2
518,472,2
575,143,1
77,54,1
646,57,2
29,253,2
154,93,1
343,563,1
117,552,2
703,66,1
236,647,2
601,550,2
344,510,1
128,620,1
786,670,1
677,314,1
611,485,1
416,277,1
687,129,1
467,214,1
130,623,2
555,355,2
417,256,1
769,278,2
75,731,2
537,544,2
542,725,1
42,512,1
174,697,2
311,16,2
493,352,1
425,164,2
64,215,1
611,645,1
702,630,1
7,625,1
551,274,1
368,392,1
555,263,2
150,664,2
127,541,2
15,10,2
556,431,2
437,196,1
56,403,2
201,616,2
796,269,2
514,209,2
362,391,1
278,523,2
427,306,1
679,451,1
319,757,1
115,471,1
779,498,2
540,145,1
372,337,2
688,757,1
437,262,1
680,490,2
202,441,1
565,173,1
619,353,1
170,656,2
480,483,1
694,576,1
427,501,1
791,408,1
686,149,1
253,488,2
466,92,1
534,54,1
586,695,2
681,244,2
634,781,1
672,418,2
120,244,1
39,353,1
233,153,2
241,418,2
489,163,2
85,667,1
696,793,2
768,232,2
589,473,2
701,490,1
464,41,1
230,796,1
378,613,2
48,674,2
618,773,2
333,484,2
206,611,2
68,199,1
282,242,2
453,215,1
736,21,1
645,572,2
600,6,1
432,234,1
575,560,2
549,645,1
623,64,1
158,644,1
529,342,2
429,538,1
431,45,1
223,648,2
796,171,2
575,421,2
547,224,1
489,28,2
360,652,2
41,318,1
437,516,2
578,757,2
546,62,1
689,329,1
378,274,2
645,663,2
66,93,2
670,539,2
622,687,2
89,148,2
54,153,2
170,410,2
210,776,2
388,277,1
410,487,1
643,339,2
407,110,2
486,554,2
481,255,1
710,482,1
246,291,1
551,632,1
64,93,2
353,212,2
527,454,1
629,304,1
113,108,2
631,151,1
256,581,2
358,183,1
222,761,1
432,521,1
223,629,2
737,135,1
97,135,2
453,471,1
289,293,2
192,137,2
390,777,2
444,717,2
301,488,1
156,361,1
278,532,2
695,620,2
370,155,2
514,593,1
124,450,1
338,113,1
241,226,1
368,274,2
141,184,2
709,576,2
740,365,1
529,584,1
142,13,1
206,295,1
76,443,2
225,556,1
644,543,2
686,608,2
273,623,2
486,770,2
336,750,2
149,502,2
157,222,1
452,727,2
407,13,2
224,333,2
771,487,1
541,756,1
105,210,1
593,222,2
2,597,2
478,696,1
261,744,1
218,797,2
200,25,2
274,685,2
788,321,1
648,581,1
550,246,1
343,172,2
642,554,2
723,259,2
671,145,1
9,55,1
700,343,1
794,655,1
651,779,1
370,403,1
412,489,1
44,118,1
615,258,2
130,678,1
450,533,2
54,343,2
783,786,2
523,596,1
589,143,1
439,743,2
280,22,1
258,410,2
75,581,2
759,727,2
332,5,2
737,615,1
634,726,2
5,646,2
693,331,1
19,549,2
646,181,2
588,489,1
136,577,1
601,234,2
167,57,2
579,210,1
429,757,1
390,214,2
69,643,2
271,543,1
244,137,2
357,595,2
404,297,1
446,745,2
217,742,2
51,617,2
613,405,1
316,788,1
697,131,2
249,122,1
723,156,2
580,165,2
193,797,2
217,715,2
712,92,1
578,687,2
634,597,1
210,757,2
328,152,2
299,296,1
226,577,1
739,370,2
745,576,1
15,277,2
61,574,2
230,75,1
660,113,2
413,513,2
605,639,1
436,202,2
250,424,2
39,626,1
103,720,1
129,51,1
677,377,1
778,613,1
722,786,2
225,127,1
166,271,1
689,145,1
682,19,1
474,668,1
552,544,1
326,632,1
394,443,1
15,155,2
584,24,2
732,476,1
240,536,2
386,167,2
2,657,2
747,346,1
203,564,1
26,321,1
316,722,1
445,515,2
594,786,2
57,277,1
164,676,1
735,513,2
175,147,2
415,732,2
584,669,2
674,729,1
476,241,1
158,778,1
723,653,1
152,496,2
351,30,2
57,229,2
56,238,2
56,524,2
480,268,1
52,136,2
698,37,2
72,311,1
177,154,2
348,484,2
625,603,2
392,345,2
191,340,2
198,282,2
510,783,2
213,347,1
679,96,1
573,662,1
232,421,2
325,320,2
672,574,2
166,51,1
172,471,1
576,72,2
440,373,2
741,316,2
327,85,2
576,32,2
498,293,1
583,708,1
68,499,2
424,147,2
380,756,1
280,273,1
2,417,1
727,568,1
341,103,2
310,761,1
526,509,1
520,410,2
698,753,1
408,752,2
437,285,1
417,6,2
234,238,1
96,260,2
74,559,2
594,715,2
212,361,1
299,201,1
658,262,1
784,729,2
242,732,2
162,222,1
54,134,2
289,744,2
162,276,2
776,735,2
11,692,2
520,75,1
735,788,1
513,755,1
662,579,1
193,434,1
61,777,1
497,354,1
525,219,2
536,37,1
155,172,1
20,538,1
184,533,1
168,483,2
709,290,1
796,336,2
674,367,1
436,347,1
306,211,1
720,354,1
403,746,2
572,648,1
80,158,2
715,115,1
124,724,2
241,728,2
120,778,2
611,651,2
237,554,2
670,723,2
152,156,1
166,490,1
327,667,1
626,634,2
294,451,2
357,386,1
513,776,1
217,312,1
775,508,2
543,248,2
573,119,1
414,283,1
569,13,2
342,681,1
537,786,2
591,536,2
157,578,1
249,212,1
506,254,2
514,94,1
741,774,1
172,301,2
201,673,2
645,559,1
475,700,2
713,448,1
237,629,2
157,146,1
425,758,1
163,297,1
674,651,1
567,572,2
12,139,2
187,166,2
37,392,1
628,757,1
619,190,1
702,365,1
44,427,2
516,586,1
84,152,1
686,228,2
309,681,2
461,206,2
127,422,2
653,173,2
354,98,2
568,639,1
226,562,2
202,95,2
40,170,1
47,325,1
662,695,1
528,307,1
79,552,2
524,211,1
405,26,2
12,799,2
50,437,2
430,568,1
72,187,1
399,68,2
584,779,2
260,329,1
651,423,2
520,712,2
632,415,1
745,91,1
142,314,2
649,445,1
723,69,2
121,324,1
562,684,1
646,789,1
159,488,1
565,233,1
239,468,1
481,57,2
544,50,1
643,211,1
499,407,1
348,456,1
476,16,1
236,238,1
62,124,2
176,414,2
201,76,2
594,498,2
341,427,2
114,62,2
260,516,2
381,350,2
465,123,1
308,697,2
414,428,1
603,110,2
73,302,1
559,766,2
146,223,2
646,84,2
393,420,2
322,220,1
550,192,1
369,413,2
185,658,2
739,659,1
673,799,2
618,794,2
645,488,2
30,246,1
337,25,1
779,522,2
738,144,2
105,709,2
15,597,2
80,326,1
772,382,1
634,731,2
359,799,2
534,362,2
137,415,1
232,309,1
155,298,1
336,327,1
322,553,2
27,609,1
504,10,1
128,749,1
323,272,2
565,437,2
678,256,2
727,78,1
308,465,2
148,543,2
279,643,2
746,731,2
452,233,2
634,246,1
754,740,2
759,24,2
132,564,1
581,483,1
636,587,2
95,706,2
191,92,2
562,212,2
561,681,2
594,679,1
318,557,2
771,690,2
59,318,1
700,375,1
552,334,1
266,199,1
508,456,1
608,562,1
735,605,1
778,450,1
47,45,1
336,792,2
701,406,1
713,532,1
231,701,2
29,274,2
80,536,1
463,75,1
83,482,2
769,645,2
109,157,1
498,709,2
11,660,2
504,534,2
567,788,1
501,462,2
463,371,2
482,189,1
438,207,1
740,421,2
418,375,1
766,651,2
580,344,2
227,333,2
174,658,2
630,118,1
49,758,2
200,238,1
762,619,2
521,593,1
432,242,1
209,297,1
416,396,2
403,1,1
273,400,1
582,222,1
494,402,1
35,9,2
749,381,2
144,701,2
75,589,2
402,63,2
572,776,1
287,330,1
382,100,2
43,464,1
635,539,1
735,547,1
635,39,1
587,94,1
147,582,1
753,619,2
719,540,2
531,409,1
160,779,1
130,543,1
546,658,2
230,655,1
168,127,2
725,3,2
644,665,1
792,271,1
620,281,1
408,675,1
768,496,1
575,38,1
772,252,1
241,55,2
395,61,2
545,147,2
525,43,1
146,379,1
175,760,1
738,73,1
644,34,2
748,349,1
609,154,2
712,185,1
475,247,1
730,12,2
682,775,1
131,787,1
455,678,1
157,570,2
54,711,2
168,361,2
429,476,1
154,524,1
759,425,2
362,540,2
122,792,2
16,596,1
65,60,1
422,47,1
481,376,1
316,437,1
21,481,2
661,195,2
548,366,2
171,507,1
510,696,2
103,476,1
154,472,1
508,323,1
2,617,1
595,202,2
27,504,1
722,439,1
72,9,1
260,348,1
454,605,1
535,468,1
93,48,1
369,619,1
696,547,2
482,444,2
8,427,2
703,702,1
796,140,1
447,11,2
573,205,2
735,429,2
74,688,2
397,192,1
10,373,2
504,253,2
61,316,2
120,354,2
332,76,2
192,109,2
298,367,2
404,103,2
87,542,2
328,386,2
416,240,2
603,125,2
745,348,1
200,446,2
640,600,2
721,649,2
389,120,2
652,322,2
306,785,2
70,660,2
192,405,1
524,652,1
157,454,1
691,511,2
257,563,2
740,700,2
710,126,1
242,374,1
352,15,1
329,176,1
469,656,1
419,565,1
308,562,1
409,747,2
302,505,2
244,432,2
219,375,1
558,26,2
537,213,1
397,288,2
97,590,2
209,384,1
174,205,2
559,468,1
10,688,2
250,99,1
556,759,1
81,586,2
160,521,2
682,513,2
243,316,2
572,780,1
211,566,2
483,701,2
224,534,1
594,585,1
85,167,1
355,193,2
417,742,2
440,752,2
785,599,1
121,767,2
777,49,1
295,725,2
328,704,2
747,183,1
49,80,2
560,445,1
440,515,2
118,313,2
151,41,1
488,197,1
36,159,2
547,614,2
571,59,2
336,329,1
147,694,1
348,333,1
277,373,2
333,614,2
44,60,1
15,534,2
365,94,1
713,140,1
563,582,2
305,638,2
361,371,2
80,318,1
709,153,1
704,134,1
774,74,1
66,496,2
563,324,1
144,585,2
252,747,1
263,254,1
458,787,2
671,675,1
187,412,1
506,672,2
633,352,1
683,410,2
741,39,2
60,3,2
534,158,2
793,389,1
395,432,2
630,442,1
49,634,2
249,353,1
203,5,2
577,222,2
525,19,1
341,40,1
163,513,1
449,542,2
510,550,2
216,572,2
444,538,1
137,308,1
245,798,2
515,466,2
395,327,2
162,672,1
305,319,1
570,308,1
638,477,2
622,36,1
3,380,1
119,378,1
9,314,2
335,334,2
10,130,2
377,257,1
140,760,2
3,781,1
418,436,1
526,342,2
703,409,1
617,534,2
376,340,2
85,708,1
628,745,2
499,64,1
548,563,1
70,297,1
618,681,2
758,41,1
349,736,1
550,523,1
496,516,2
235,141,2
42,512,1
148,461,1
560,225,1
481,476,1
271,551,2
455,221,1
258,576,2
58,504,1
566,134,2
748,74,1
234,404,1
76,739,2
192,352,1
468,159,2
259,150,1
382,358,2
496,142,2
29,282,1
407,723,2
590,155,2
492,749,1
129,498,2
721,75,1
340,466,1
793,142,1
43,687,2
201,53,2
23,591,1
31,570,2
29,717,2
74,40,2
249,75,1
749,79,2
63,229,1
461,140,1
697,408,1
301,290,1
287,618,2
378,58,2
347,524,2
206,2,1
327,203,2
282,337,2
409,207,1
39,11,1
606,564,1
205,654,1
49,316,2
560,194,1
696,740,2
646,82,1
98,52,1
513,453,1
333,737,2
572,291,1
789,705,2
684,128,2
557,168,1
90,304,1
533,687,1
411,521,2
474,581,2
74,33,1
73,580,2
136,699,2
497,18,1
508,335,1
141,74,1
364,781,1
312,689,2
750,61,2
731,91,1
615,582,2
214,299,1
522,572,2
173,127,2
353,177,2
594,348,2
575,105,1
437,154,2
603,169,1
494,312,1
456,533,2
537,234,2
287,566,1
151,404,1
452,102,2
155,348,1
276,32,1
606,245,1
466,308,1
269,170,1
463,498,2
252,395,1
570,292,1
20,300,1
56,293,1
623,786,2
108,612,1
680,611,2
714,707,1
10,189,1
295,128,2
697,290,1
762,61,2
49,360,1
237,131,2
573,73,1
307,429,2
72,672,1
683,518,2
206,253,1
745,148,1
403,510,1
346,419,2
287,646,2
86,173,2
501,697,2
14,532,2
94,355,1
435,361,2
611,645,1
592,89,1
549,655,1
232,309,1
44,500,1
549,85,2
589,388,2
145,680,1
479,755,1
15,440,2
278,730,2
146,507,2
763,478,2
752,427,2
170,679,2
599,398,2
13,435,1
566,330,1
444,39,1
320,798,2
441,590,2
118,537,2
217,690,2
418,120,1
134,660,2
183,377,2
500,629,2
499,477,2
731,737,2
103,134,1
678,707,2
375,389,1
650,551,2
145,509,1
428,611,1
492,518,2
403,148,2
593,503,2
85,458,1
42,423,2
545,419,2
93,66,1
746,768,2
556,145,1
531,441,1
285,685,2
380,764,1
782,722,2
479,173,1
766,580,1
494,211,1
782,761,1
137,303,1
393,622,1
733,341,2
513,288,1
60,216,2
17,271,2
84,197,1
621,273,2
301,744,1
229,167,1
313,189,1
89,736,2
292,605,2
273,274,2
646,662,1
673,719,1
159,650,1
754,228,2
614,67,1
3,474,2
795,613,1
119,431,2
726,476,2
276,174,1
148,76,1
369,3,2
217,565,2
411,636,2
45,6,2
227,199,1
601,780,2
202,659,1
292,592,2
606,776,1
490,800,1
750,461,2
40,670,1
690,720,1
134,522,2
305,52,1
642,293,2
199,685,2
218,132,2
754,606,2
753,246,2
257,568,2
197,349,2
115,154,2
575,415,1
51,106,2
645,480,2
157,411,1
129,703,2
581,531,2
684,660,1
254,474,1
470,378,1
717,741,1
688,552,2
700,522,1
129,724,2
273,42,1
326,580,1
127,580,1
31,550,2
377,719,1
152,764,2
740,764,1
625,222,2
648,15,1
368,181,1
794,248,1
693,105,1
532,156,2
773,33,1
341,584,2
458,99,2
794,272,2
714,126,1
619,170,2
764,276,2
229,78,2
773,262,1
639,637,2
477,674,1
385,291,2
227,205,1
619,114,1
510,102,2
425,346,1
8,256,1
399,87,2
630,451,2
335,358,2
71,558,1
790,526,1
640,50,2
646,725,1
423,710,2
800,191,1
690,490,2
596,514,1
402,411,1
507,711,2
749,188,1
774,58,2
768,681,1
449,641,1
591,692,2
599,700,2
518,775,1
179,210,1
159,453,2
355,376,1
529,652,1
461,177,2
291,273,2
504,124,2
479,797,2
663,513,2
134,761,1
69,554,2
100,204,2
432,754,1
85,364,1
479,91,1
680,758,2
799,97,1
44,343,1
69,121,2
598,179,1
495,761,1
5,269,2
99,14,1
144,360,2
572,219,1
776,721,2
492,226,1
606,70,1
292,745,2
658,530,1
266,636,2
188,444,2
556,90,1
222,51,2
43,192,2
245,167,1
535,475,1
141,798,1
497,125,2
659,724,2
738,522,2
130,589,1
622,64,2
17,518,2
103,418,1
371,418,2
543,787,1
214,39,1
396,522,2
126,741,1
645,498,2
577,201,2
246,180,1
658,492,1
174,392,2
131,122,1
136,524,2
60,26,2
671,436,1
750,438,2
120,10,2
632,452,1
273,5,1
591,27,2
533,757,1
604,599,1
736,247,1
641,301,2
572,186,1
535,367,1
518,521,2
796,784,1
403,323,1
601,359,2
77,543,2
132,81,2
444,413,1
437,574,2
141,157,2
587,194,1
426,185,1
602,488,2
283,594,1
461,252,2
396,470,1
118,326,2
440,651,2
16,335,1
649,528,2
390,225,2
701,328,1
370,141,2
761,85,2
703,68,1
611,757,1
644,33,1
323,689,2
400,793,2
678,244,2
210,522,2
297,752,2
753,325,2
659,345,2
554,599,1
693,167,1
771,737,2
585,482,1
307,477,2
172,149,1
436,330,1
38,19,2
15,635,2
130,89,1
521,400,1
129,791,1
42,661,1
646,91,1
547,712,2
195,76,1
732,511,1
286,696,1
7,681,1
709,717,2
554,357,1
362,587,1
446,60,1
339,668,1
401,437,2
535,309,1
786,332,1
696,714,2
697,130,1
7,105,1
102,565,1
13,327,1
288,585,2
247,213,2
324,89,2
684,323,1
357,793,2
107,420,2
126,202,2
452,733,1
427,533,1
542,683,1
657,522,2
747,130,1
11,649,2
667,477,2
141,241,1
392,319,1
635,743,1
748,608,2
636,572,2
226,110,1
614,313,1
31,240,2
231,510,2
581,533,1
652,741,2
146,1,1
191,379,2
486,38,2
555,645,1
726,55,1
281,518,2
182,350,2
140,701,2
465,122,1
364,492,1
552,611,1
759,505,2
504,345,2
545,274,2
142,303,1
17,380,2
364,466,2
143,32,2
636,535,2
235,64,2
666,395,1
302,89,1
200,149,1
535,326,1
697,300,1
785,472,2
156,19,2
622,704,2
616,463,1
707,198,1
343,623,2
557,787,1
642,510,1
614,295,1
522,526,1
88,702,2
241,761,1
421,673,1
799,702,2
695,221,2
648,317,1
361,741,1
178,84,2
94,651,2
619,539,2
204,108,1
485,206,2
91,790,2
226,638,2
667,181,2
621,53,1
241,422,2
181,212,2
179,488,1
212,309,1
272,148,1
337,239,1
650,410,2
563,60,1
403,172,2
50,137,2
772,47,1
87,703,2
331,400,2
587,380,2
218,332,2
284,23,2
693,563,2
422,402,1
635,25,1
3,110,2
307,16,1
414,616,1
658,373,1
643,130,1
391,323,1
457,731,2
530,771,2
159,37,1
672,220,1
221,238,1
787,405,1
787,478,2
544,427,2
126,400,1
448,208,1
572,307,1
587,663,2
714,544,1
296,761,1
782,126,2
432,521,1
73,52,1
220,634,1
497,665,1
466,442,1
3,325,1
210,634,2
433,359,2
665,457,1
321,57,2
122,398,2
246,734,1
243,558,2
770,459,1
429,722,1
389,764,2
144,32,2
704,481,1
736,299,2
671,373,1
671,286,1
613,139,2
224,790,1
563,401,1
274,572,2
686,575,2
662,480,2
613,353,1
492,626,1
132,445,1
22,254,2
201,719,2
50,14,2
458,713,2
295,269,2
404,451,2
659,38,2
562,597,2
786,376,1
430,508,1
345,476,2
138,519,1
573,513,2
267,139,2
560,241,1
380,184,2
725,215,1
465,74,1
554,280,2
620,775,1
488,367,2
362,124,1
645,87,1
652,613,2
469,642,1
129,239,1
796,495,2
81,419,2
652,115,2
328,465,1
65,593,1
794,507,1
379,627,1
634,718,2
311,38,1
13,720,1
112,799,2
564,433,1
665,411,1
239,439,1
279,168,1
539,776,1
97,766,2
366,410,2
409,355,1
677,553,2
558,355,1
798,468,1
18,777,2
146,159,2
745,302,1
286,124,2
774,694,2
436,189,1
652,400,2
652,776,2
614,347,1
321,370,2
437,524,2
243,283,2
359,121,1
526,303,1
31,306,1
407,593,1
762,691,2
564,388,2
441,467,2
628,483,2
106,728,1
295,170,2
779,199,2
728,173,1
230,169,2
326,239,1
699,264,2
413,92,2
210,592,2
523,242,2
783,481,2
132,646,1
527,677,2
129,797,2
519,758,1
303,84,2
778,378,1
30,174,1
634,723,1
798,177,2
150,763,2
339,167,1
613,216,2
720,199,1
531,51,1
336,410,2
270,350,1
661,532,2
785,367,1
108,540,2
261,22,1
433,59,2
321,226,2
185,19,2
306,500,1
589,698,1
233,91,1
509,796,2
768,252,1
274,182,1
248,237,1
305,131,2
566,500,1
348,251,1
794,499,2
794,216,1
520,375,1
366,2,1
293,62,2
480,469,2
118,367,2
216,108,1
752,299,2
669,122,2
306,313,2
785,405,1
208,463,1
194,708,2
661,525,2
267,642,2
760,676,1
16,223,2
701,18,1
8,213,1
610,111,1
73,208,1
633,416,1
733,634,2
761,187,2
471,176,1
590,715,2
454,186,2
496,463,1
284,298,1
49,9,2
151,424,2
48,563,1
174,239,1
706,682,2
297,461,2
118,316,2
750,361,2
352,524,2
150,744,2
316,14,1
242,403,1
156,197,2
765,615,1
275,339,1
525,658,2
6,99,1
200,33,1
796,410,2
72,715,1
87,475,2
110,381,2
428,510,1
446,448,1
615,233,2
494,224,1
137,753,1
297,160,2
570,192,1
485,453,2
336,420,2
358,369,1
441,753,1
60,628,2
436,354,1
63,731,1
570,669,1
741,576,2
520,207,1
359,612,2
761,711,2
791,104,2
676,20,2
583,584,1
745,634,1
631,789,1
83,65,2
644,786,2
767,444,2
259,592,1
513,39,1
441,792,2
444,446,1
179,602,1
531,319,1
751,776,2
58,84,2
579,734,1
535,165,2
398,44,2
683,302,1
369,788,1
665,512,1
377,590,2
35,91,2
78,322,1
664,563,2
436,467,2
344,707,2
62,282,1
418,52,1
752,482,1
254,791,1
433,188,1
653,742,2
738,267,2
417,263,2
378,365,2
683,454,2
730,411,1
135,531,2
123,341,2
25,643,2
534,387,1
605,262,2
568,62,1
7,35,1
583,115,1
29,413,2
353,78,2
244,327,1
725,651,2
639,565,2
191,750,1
592,130,2
354,666,2
151,160,1
79,74,1
228,721,1
664,549,2
84,512,1
284,360,1
652,371,2
736,577,1
245,155,2
609,575,2
131,72,2
482,3,2
690,214,2
185,112,1
589,760,2
627,94,2
37,28,2
780,338,2
81,768,2
505,158,2
587,565,2
248,339,2
540,331,1
582,533,2
211,395,1
445,23,2
329,135,2
439,402,1
292,799,2
629,409,1
201,178,1
52,214,2
146,158,2
409,770,1
195,454,2
456,666,2
527,558,1
655,579,1
712,490,1
725,691,1
763,553,2
746,406,2
61,591,1
744,671,2
394,567,1
584,99,2
393,604,1
456,509,2
11,133,2
373,725,2
260,715,2
253,387,2
750,296,2
478,186,1
254,289,1
246,239,1
252,334,2
463,569,1
657,785,2
599,144,2
261,742,1
91,141,2
517,310,1
612,546,2
669,361,2
405,188,1
687,465,2
178,735,2
333,536,2
147,344,1
91,429,2
147,756,1
368,213,1
191,638,2
129,311,2
747,616,1
183,348,2
399,760,2
551,118,1
181,695,2
678,457,2
513,606,1
621,718,2
534,376,1
545,538,2
601,75,2
205,40,1
27,81,2
58,214,2
67,363,1
223,16,1
758,752,1
71,722,1
625,238,2
179,453,2
149,266,2
706,483,1
705,701,1
73,707,2
333,455,2
309,544,2
264,268,1
574,360,1
703,342,1
615,414,2
683,572,2
586,358,1
28,686,1
243,540,2
291,414,2
111,707,2
151,456,1
757,516,1
615,686,2
397,640,1
254,287,1
97,384,2
634,526,2
453,644,1
609,454,2
173,251,1
318,181,2
302,573,1
584,552,2
448,121,1
454,536,2
345,331,1
412,110,2
795,400,1
119,240,1
401,621,1
128,629,2
317,692,2
266,263,2
310,153,2
275,345,1
344,177,2
32,657,1
685,104,1
52,11,2
101,392,1
776,411,1
370,652,1
233,5,1
641,780,2
598,697,2
200,574,2
501,62,2
356,195,2
673,406,1
583,471,1
102,25,1
633,232,1
337,223,1
641,743,2
644,777,2
231,44,2
773,743,1
201,280,2
306,143,1
9,77,1
225,733,1
201,133,2
63,386,1
736,612,1
389,22,2
40,684,1
776,71,2
777,402,1
723,772,2
7,367,1
662,574,2
176,240,2
167,135,2
5,682,2
657,498,2
559,512,1
659,699,2
742,388,2
272,734,1
679,19,1
46,524,2
86,788,2
430,495,1
630,331,1
239,277,1
591,783,1
83,59,2
150,716,2
369,714,2
712,268,1
415,3,2
630,129,2
706,196,1
675,333,2
134,356,2
742,771,1
122,799,2
288,779,1
666,237,1
530,522,2
360,672,2
194,103,2
589,37,2
731,790,2
768,440,1
368,482,1
105,189,1
752,136,2
62,672,1
279,586,1
206,511,1
275,26,1
473,497,1
366,330,1
28,173,1
572,643,1
548,648,2
142,175,1
723,303,1
545,655,1
674,558,1
769,487,1
562,365,1
546,467,2
150,677,2
775,50,2
101,629,2
690,658,2
250,223,2
213,706,2
307,79,1
327,63,2
545,556,1
213,147,2
167,553,2
421,484,1
329,128,2
55,707,2
698,643,2
395,420,2
474,573,1
338,520,2
700,129,1
671,379,1
776,656,2
696,147,2
125,172,2
698,113,1
136,382,1
296,363,1
504,611,2
607,551,2
376,14,1
496,544,2
669,163,2
493,95,1
149,645,2
92,474,2
686,345,2
53,462,2
602,729,2
752,8,2
154,331,1
468,539,2
58,721,1
25,800,1
259,244,1
701,304,1
553,164,2
316,567,1
354,375,2
143,580,2
651,277,1
668,497,2
701,308,1
185,17,1
485,172,2
402,154,2
590,797,2
785,290,1
643,225,1
431,28,2
456,671,2
108,609,1
412,659,1
724,413,1
97,704,2
66,15,1
788,186,2
279,335,1
389,624,2
613,527,2
256,789,1
485,402,2
47,385,1
573,391,1
6,280,2
123,646,2
202,137,2
396,688,2
471,250,2
65,511,1
553,164,2
40,426,2
670,397,2
390,792,2
322,733,1
45,536,2
353,741,2
181,397,1
573,484,2
64,278,1
487,773,1
675,429,2
295,800,2
686,539,2
366,259,2
436,374,1
152,520,2
503,772,2
305,698,2
613,744,1
208,548,2
438,152,1
240,690,2
642,768,2
510,408,2
108,718,2
106,224,1
680,211,2
160,718,2
615,326,2
350,257,1
525,685,1
800,690,2
759,442,2
501,766,1
292,666,2
573,638,2
472,447,1
400,258,2
4,91,1
428,6,1
135,314,1
284,499,2
254,247,1
294,318,1
685,115,2
53,167,2
494,302,1
561,43,2
105,591,2
436,668,1
467,710,1
699,676,1
75,186,2
1,241,1
665,187,2
326,113,1
778,637,1
31,121,2
687,384,2
196,611,2
284,73,1
612,58,2
86,340,2
229,666,1
43,790,2
380,610,2
277,147,2
330,774,2
170,384,2
425,420,2
495,168,1
405,527,2
267,53,1
740,731,2
611,692,1
237,13,2
109,629,2
229,569,2
201,759,2
621,580,2
287,544,2
167,760,2
198,779,1
116,444,2
774,407,2
397,779,1
360,756,2
211,221,2
128,280,2
260,20,2
689,172,2
719,191,2
752,565,2
325,529,1
192,758,2
424,297,1
601,190,1
378,411,2
459,746,2
513,746,1
783,344,2
359,349,2
78,466,2
399,641,2
80,557,2
273,348,1
243,578,1
728,621,1
175,191,1
350,482,1
387,603,2
760,539,2
22,491,1
388,784,1
274,744,2
251,287,2
680,469,2
566,800,2
296,688,1
18,468,2
212,268,1
680,193,2
226,148,2
456,799,2
368,211,1
424,386,1
183,233,2
163,268,1
696,341,2
524,710,1
793,548,1
300,514,1
520,179,1
10,788,2
254,748,2
292,525,2
403,526,2
288,602,1
181,725,1
224,683,2
142,414,2
276,740,1
758,270,2
381,465,1
676,297,1
612,433,1
176,263,2
14,198,2
607,315,1
28,501,1
12,347,1
150,509,2
730,294,1
248,287,1
394,306,1
576,82,1
624,292,1
379,591,2
419,199,1
695,317,2
402,663,2
546,271,2
51,323,1
752,307,2
275,640,1
410,518,1
351,474,2
236,694,2
163,249,1
348,2,1
664,211,1
469,160,1
786,95,1
763,246,2
459,750,1
343,656,1
374,592,2
616,386,1
722,424,2
367,651,1
78,289,1
480,577,1
732,337,1
728,300,2
397,62,1
600,552,2
792,680,1
328,140,1
719,474,2
746,668,1
198,208,1
413,737,2
121,702,2
742,617,1
526,642,1
643,455,1
507,194,1
764,766,2
142,477,2
268,263,2
181,412,1
220,189,2
591,796,2
684,774,2
425,187,1
426,748,2
94,457,1
617,787,2
133,395,1
602,597,2
405,28,2
777,715,2
126,203,1
36,86,1
646,241,1
413,245,2
594,536,2
450,689,2
71,362,1
453,276,2
335,374,1
203,246,2
441,651,1
326,800,2
657,352,1
684,2,2
92,785,2
529,208,1
799,723,1
388,673,1
252,330,2
38,411,1
684,239,2
753,682,2
701,148,1
147,791,1
457,765,2
184,703,1
450,659,1
336,783,1
130,205,2
651,408,2
443,527,2
88,744,2
148,785,2
393,501,1
28,283,1
66,539,1
278,650,2
645,396,1
181,52,2
98,178,2
728,142,2
566,30,2
795,77,1
503,97,1
157,375,1
119,775,1
148,199,1
689,236,1
163,468,1
756,313,2
204,581,2
260,797,2
242,47,1
660,9,2
36,795,2
86,594,2
188,432,2
170,282,1
512,639,1
189,352,2
625,249,2
419,444,1
599,635,2
374,292,1
707,676,1
386,479,2
776,668,1
657,44,2
205,245,1
36,580,2
180,778,2
771,330,1
272,449,1
118,151,2
38,692,2
508,605,1
23,587,1
531,151,1
13,241,1
496,580,1
13,663,2
223,134,2
604,237,1
314,99,1
154,598,1
42,121,1
761,212,2
128,256,1
285,484,2
429,143,1
782,766,2
147,769,1
124,157,1
376,715,2
510,40,2
31,399,1
121,288,1
545,143,1
11,173,1
404,696,2
446,780,1
442,152,1
340,263,1
150,676,2
494,681,1
766,104,1
42,548,2
409,776,1
736,460,1
152,156,1
258,364,1
199,507,2
73,333,2
1,83,2
410,753,1
650,601,1
725,752,1
627,116,2
574,408,1
101,165,2
642,573,2
130,366,1
13,779,1
27,291,1
112,386,1
225,5,1
441,475,2
636,674,2
357,260,2
108,687,1
684,693,2
794,346,1
187,553,2
253,258,2
242,595,1
390,783,2
267,754,1
528,214,1
573,350,2
711,613,1
631,607,1
779,40,2
779,702,2
431,654,1
722,428,2
133,260,1
325,463,2
136,191,1
380,45,1
585,108,2
137,783,1
401,582,2
141,428,2
356,294,2
455,375,1
312,590,2
425,417,1
16,522,2
778,293,1
180,703,2
400,716,2
557,633,1
120,573,1
193,122,1
147,16,1
169,777,2
82,345,2
566,335,2
698,17,1
94,365,2
250,130,2
212,424,1
624,754,1
631,395,1
186,475,2
81,50,2
469,713,2
150,472,2
167,616,2
32,56,1
703,661,1
417,58,2
196,734,1
452,30,2
194,40,2
122,42,2
470,355,1
568,170,1
781,70,2
301,404,1
646,69,2
92,97,1
633,368,1
416,39,2
457,236,2
551,48,1
693,492,1
119,486,1
501,489,1
514,246,2
88,646,2
725,180,1
424,511,1
585,48,2
585,477,2
312,363,2
557,521,1
509,250,2
385,536,2
391,401,2
49,191,2
40,462,1
388,267,1
166,418,2
251,636,2
16,329,1
546,247,1
286,20,2
710,12,1
746,575,1
220,630,2
596,99,2
578,30,2
556,792,2
329,8,2
243,114,2
725,710,2
384,420,2
186,616,2
452,330,1
724,477,2
763,782,2
316,385,2
374,575,2
580,311,2
566,417,1
619,300,2
702,335,1
250,267,1
328,556,2
453,361,1
16,700,2
630,740,2
339,397,1
263,721,1
431,343,1
432,269,2
719,159,2
706,371,1
592,168,2
676,364,2
623,794,2
759,420,2
395,733,2
645,534,2
80,680,1
711,551,2
364,416,1
499,605,1
84,435,1
754,767,2
76,772,2
92,399,1
443,122,1
485,602,2
510,516,2
702,264,1
510,64,2
412,681,2
411,302,2
135,709,1
398,482,1
655,791,1
19,482,1
548,103,2
346,741,2
150,701,2
436,27,2
293,373,1
102,57,2
450,761,1
739,197,1
767,291,2
321,64,2
532,197,1
19,200,1
268,149,1
76,131,2
295,193,2
498,613,1
570,171,1
628,483,2
500,578,1
783,621,2
317,549,2
598,119,1
433,575,2
693,535,2
420,590,1
445,304,2
184,414,1
236,36,2
538,787,1
511,198,1
453,422,2
631,120,1
47,372,2
622,703,2
351,245,2
100,474,2
479,37,2
421,303,1
3,356,1
554,142,1
276,712,1
661,189,1
609,770,2
476,653,2
389,437,2
451,402,1
342,666,2
591,705,2
557,140,1
768,95,1
34,396,1
450,789,1
464,722,2
395,233,2
380,179,1
510,245,2
540,544,1
450,88,1
644,632,2
580,609,1
413,652,1
789,763,2
222,719,1
712,21,1
628,42,1
258,143,1
681,581,2
123,502,2
598,572,2
667,470,2
420,755,1
173,464,1
75,417,1
283,554,2
644,388,2
392,783,1
445,354,2
460,211,1
740,496,2
239,429,2
788,108,2
629,174,1
124,310,1
614,530,1
784,149,1
120,310,2
395,397,2
796,739,2
576,620,1
87,694,2
538,123,1
753,776,2
434,527,2
145,222,1
67,61,1
503,119,1
374,66,2
265,604,1
594,241,1
435,445,1
349,141,1
398,255,1
412,710,2
297,224,2
575,222,1
627,145,2
317,321,1
273,577,1
182,293,2
160,300,2
12,114,1
135,3,1
80,564,1
579,681,2
257,547,2
43,428,2
38,495,2
124,437,1
188,369,2
498,43,1
306,777,2
518,286,1
556,522,2
3,281,1
105,111,1
592,715,2
166,200,1
687,620,1
227,771,2
112,791,2
367,266,1
400,728,2
570,77,1
360,561,2
450,702,2
247,675,1
314,709,2
404,647,2
327,330,2
551,450,1
439,48,2
334,711,2
342,689,1
92,7,2
630,86,2
250,513,2
778,652,1
160,158,2
666,663,2
37,660,1
592,792,2
463,114,2
9,764,1
62,388,2
383,167,1
721,192,2
334,305,2
80,414,2
559,583,2
641,274,2
386,712,2
114,556,2
39,585,1
75,596,2
654,393,2
442,532,2
370,83,1
142,344,2
622,54,1
630,789,1
232,302,2
679,71,1
611,392,1
38,236,2
516,764,2
157,374,1
473,441,1
389,530,2
554,770,1
201,225,2
194,540,2
439,227,2
171,793,2
539,338,1
118,491,2
644,141,2
157,312,1
239,584,1
30,230,1
37,160,1
764,38,1
731,449,1
488,173,1
336,305,1
380,738,1
697,351,1
272,235,1
696,330,1
377,115,2
72,155,2
648,136,1
213,465,2
242,677,2
527,677,2
653,607,1
143,65,2
109,592,2
705,82,1
687,512,1
6,329,1
331,20,2
385,752,2
353,396,2
604,162,2
103,323,1
740,763,1
171,735,2
444,2,1
218,594,2
175,702,2
785,619,1
650,654,1
238,248,2
767,743,1
574,686,1
381,715,2
362,157,1
765,484,2
230,275,2
718,234,2
566,641,1
615,401,2
233,413,1
706,420,2
639,184,2
565,568,2
511,575,2
177,80,2
761,75,2
497,407,1
148,75,1
369,26,2
443,607,1
296,451,2
430,135,1
431,234,2
586,725,1
583,771,1
733,123,2
687,470,1
799,611,2
82,178,2
774,189,1
364,682,2
551,594,1
286,260,2
389,245,2
138,464,1
398,606,2
609,592,2
443,275,2
754,87,2
748,785,1
659,327,2
498,213,1
22,542,2
688,768,2
623,744,1
709,713,1
126,504,1
356,565,2
504,387,2
558,27,2
682,766,2
412,216,2
333,791,2
408,477,2
415,34,2
585,37,2
348,90,2
339,216,1
559,22,2
134,535,1
43,672,1
226,666,2
771,239,1
28,406,1
771,490,2
703,440,1
358,487,2
718,198,1
402,534,2
656,56,2
630,3,2
118,176,1
130,13,1
397,353,1
637,651,2
725,561,1
655,414,2
572,311,1
161,431,2
136,524,2
219,732,2
69,291,1
356,278,2
281,455,2
375,454,2
368,353,1
787,310,1
207,124,2
386,779,1
561,109,2
18,567,2
335,249,2
326,51,1
38,383,2
573,211,1
498,782,1
491,602,2
697,675,1
623,729,1
556,114,1
159,641,1
619,236,2
784,765,2
213,701,2
195,583,2
327,498,2
548,377,1
62,577,1
443,35,1
340,675,1
573,781,1
749,559,2
708,565,1
74,346,1
603,661,1
655,662,1
328,293,1
266,125,2
21,400,1
129,703,2
481,51,1
256,54,2
556,615,1
327,438,2
587,331,1
420,538,1
672,530,1
672,472,2
522,600,1
522,492,1
109,481,2
547,537,2
703,154,2
738,223,2
76,217,2
727,29,1
60,21,2
436,33,1
537,224,1
699,447,1
417,125,2
389,707,2
334,737,2
5,199,1
679,209,1
743,175,2
427,449,1
633,503,1
793,554,2
322,513,2
145,383,2
781,202,2
101,388,1
315,541,2
407,405,2
363,380,2
494,477,2
188,727,2
622,19,2
396,78,2
605,399,1
521,662,1
107,522,2
211,120,1
291,207,1
568,103,2
441,720,1
479,447,1
45,68,2
7,176,1
778,670,1
125,376,1
36,595,1
91,502,2
627,429,2
534,528,2
345,611,2
7,332,1
477,543,1
144,699,2
702,147,2
493,293,1
662,56,1
47,497,2
74,730,2
77,751,2
34,568,2
328,537,2
253,66,2
262,463,2
446,285,1
144,155,2
564,237,1
755,186,2
560,763,1
266,188,1
304,689,2
419,767,1
205,208,1
136,261,2
294,769,2
685,567,2
748,365,1
234,23,1
72,340,1
525,268,1
732,788,1
210,373,2
686,253,2
63,417,1
738,175,2
629,237,1
307,534,1
72,484,1
76,462,2
399,240,2
787,347,1
538,94,1
414,545,1
255,318,2
602,91,2
468,627,1
341,315,1
741,200,1
427,31,1
340,577,1
346,458,1
636,239,2
572,477,2
204,500,1
709,453,1
517,283,2
733,683,2
86,95,2
727,261,1
126,254,2
511,703,2
357,508,2
284,248,2
380,163,2
98,56,2
17,549,2
551,770,1
796,473,2
107,633,2
261,495,1
764,126,2
447,302,2
242,369,2
221,328,1
70,197,2
231,721,2
394,180,1
310,786,2
161,129,1
727,493,1
574,533,1
202,31,2
392,617,1
682,556,1
728,98,1
493,576,2
272,110,2
304,145,2
112,544,2
82,344,2
660,312,2
473,626,2
283,543,2
93,242,1
13,717,2
300,699,2
376,747,2
431,651,2
569,427,2
385,364,2
193,349,2
450,14,1
152,770,2
419,665,1
333,176,1
186,264,2
341,31,1
786,330,1
265,800,1
747,12,1
141,248,2
2,139,2
627,39,2
42,57,2
483,347,1
388,793,2
535,743,1
757,1,2
693,737,2
493,483,1
772,5,1
259,724,2
298,800,2
618,22,2
107,153,2
427,510,1
103,214,1
651,739,1
644,543,2
27,239,1
315,257,2
487,132,1
45,236,2
345,729,2
444,510,1
237,492,2
611,510,1
38,368,2
20,145,1
630,768,2
234,120,1
668,266,2
83,591,2
41,587,2
372,283,2
157,705,2
618,740,2
299,603,2
490,306,1
718,194,1
41,230,2
11,76,1
398,393,1
193,191,1
486,314,2
14,471,2
566,303,2
705,391,1
720,103,2
376,158,2
607,714,2
511,43,2
578,326,2
691,678,1
513,256,1
292,315,2
602,751,2
311,191,1
157,389,1
208,25,2
59,586,2
211,771,2
336,545,2
669,351,2
40,464,1
118,109,1
84,497,1
421,165,2
751,100,1
83,658,2
451,787,1
795,49,1
666,265,2
427,140,1
248,192,1
186,707,2
739,607,2
800,292,1
596,551,2
602,46,2
402,118,2
617,385,1
265,73,1
513,53,1
572,79,1
376,76,1
174,281,1
123,654,1
475,531,2
271,187,1
243,794,2
16,586,2
84,560,1
403,310,1
275,161,1
218,122,2
522,326,1
735,154,2
40,575,1
125,299,1
150,376,2
556,553,2
67,301,2
678,245,2
474,5,1
544,496,1
279,784,1
587,12,2
407,770,2
297,668,2
284,478,2
318,696,2
794,29,1
61,465,2
417,66,2
478,378,1
578,730,2
243,392,2
9,643,1
204,251,1
292,291,2
292,731,2
228,536,2
175,409,2
232,404,1
240,326,2
283,586,1
91,473,2
684,111,2
168,556,2
302,63,2
677,495,1
366,193,2
134,176,1
478,377,1
500,559,2
488,744,1
44,713,1
542,411,1
333,482,1
616,421,2
203,16,2
601,672,2
238,273,2
297,791,2
265,96,1
673,677,2
125,263,2
244,543,2
174,270,2
685,221,1
300,656,1
577,708,2
44,89,1
370,666,1
76,547,2
82,538,2
249,256,1
686,59,2
630,744,1
19,701,2
214,234,2
411,408,2
698,669,1
661,86,1
751,796,1
48,768,1
711,167,1
649,467,2
520,144,1
71,489,1
105,622,2
254,456,1
11,767,1
712,783,1
434,640,1
542,7,2
260,131,2
25,380,2
697,574,2
605,692,2
370,734,1
212,433,1
751,458,1
559,8,2
792,474,1
504,139,2
231,452,2
690,473,1
482,745,2
11,99,2
531,224,1
191,412,2
138,738,1
262,26,2
218,111,2
254,780,1
52,24,2
757,301,2
406,626,2
123,677,2
96,546,2
216,414,2
236,504,1
426,21,1
357,236,1
795,376,1
325,361,2
118,642,2
757,137,2
288,173,1
487,279,2
544,133,2
20,169,1
271,665,1
651,151,1
654,757,2
425,397,1
228,423,2
392,781,1
20,99,1
16,168,1
47,704,2
416,98,1
80,163,2
129,199,1
328,785,2
617,645,2
362,188,1
566,336,2
423,375,1
32,345,1
446,346,1
314,582,1
58,457,1
568,560,1
329,410,2
94,734,1
445,384,2
727,637,1
513,153,1
508,203,1
390,230,2
61,553,2
641,35,2
754,686,2
361,44,2
272,293,1
62,781,1
608,423,1
713,261,2
628,352,1
489,224,2
247,416,1
697,267,1
262,444,2
328,485,2
241,365,2
782,598,2
120,594,2
321,139,2
544,187,1
170,728,1
468,626,2
737,623,1
92,600,2
400,515,2
254,77,1
696,12,2
173,711,2
740,470,1
626,86,1
471,103,1
64,191,1
538,182,1
411,741,2
394,97,1
78,340,2
652,351,2
108,155,2
195,466,2
86,690,2
357,505,2
421,777,1
704,241,1
417,83,1
42,511,2
648,245,1
628,12,2
193,72,2
722,606,2
136,223,1
153,389,1
664,544,2
181,788,1
773,745,2
269,322,1
731,231,1
489,646,2
697,791,1
32,55,1
168,756,2
416,740,2
668,750,1
60,176,1
421,595,1
748,2,1
384,192,2
644,512,1
205,647,1
693,4,2
26,455,1
731,734,1
236,693,2
164,560,1
33,48,2
348,706,2
202,559,1
568,517,1
770,125,2
493,164,2
334,58,1
264,206,1
252,105,1
372,666,1
609,715,2
518,641,1
220,727,2
733,751,2
261,395,1
146,324,1
111,275,2
169,49,1
757,319,2
468,475,2
406,144,1
159,388,1
495,248,2
282,423,2
285,97,2
211,48,2
651,658,1
421,316,2
464,648,2
390,152,2
523,377,2
115,738,1
152,492,1
620,540,2
454,283,2
317,457,1
278,476,2
209,586,2
516,189,1
236,481,2
283,359,2
240,373,2
750,717,2
112,503,2
791,425,2
37,277,1
432,266,1
79,556,2
86,682,2
298,198,1
637,307,2
135,418,2
659,734,2
371,578,1
434,149,2
794,690,1
257,46,1
590,22,1
250,745,2
81,733,2
323,145,2
247,433,1
661,744,2
61,175,1
73,518,2
643,797,2
95,758,2
297,567,2
257,415,1
777,492,1
575,73,1
332,238,1
631,634,2
236,277,1
557,153,1
474,736,1
239,80,2
166,690,1
560,452,1
287,171,2
642,743,1
126,654,1
296,267,1
315,294,1
557,393,1
394,54,1
380,689,1
434,750,1
356,497,2
51,638,2
15,4,2
250,470,1
118,131,2
127,97,1
94,553,2
75,355,1
288,516,2
36,699,2
696,136,2
521,265,1
251,279,2
613,341,2
586,465,1
18,24,2
796,172,2
637,688,2
731,2,1
534,452,1
19,578,1
367,464,1
724,392,1
21,104,2
332,365,2
707,655,1
399,409,2
749,134,2
369,603,2
487,793,2
163,72,2
337,513,2
98,345,2
114,445,1
209,38,1
580,555,1
604,411,1
796,278,2
776,9,2
38,283,2
721,570,2
135,376,1
465,558,1
667,12,2
142,51,1
151,244,2
537,345,1
723,408,1
196,180,2
310,290,1
639,584,1
717,408,1
423,322,1
170,733,1
370,11,1
602,411,1
459,180,2
623,564,1
303,687,2
324,421,2
250,700,2
675,683,2
576,49,1
509,81,2
311,310,1
415,769,1
301,320,1
776,388,2
27,729,2
375,364,2
542,163,2
391,120,1
614,462,1
709,289,1
773,500,1
775,695,1
488,526,2
419,509,1
499,615,1
362,703,2
760,306,2
121,262,1
477,167,1
547,350,2
449,761,1
293,564,1
1,567,2
776,504,1
730,662,1
273,718,2
666,781,2
655,163,2
478,741,1
468,49,1
485,64,2
587,656,1
199,520,2
263,95,1
467,335,1
665,660,1
383,711,2
720,472,2
478,676,1
391,787,2
155,321,1
527,723,1
4,783,1
748,283,1
688,452,2
237,535,2
694,15,1
796,83,1
133,515,1
229,272,2
230,88,1
628,227,1
175,561,1
140,66,2
263,711,1
772,34,1
307,758,1
56,245,1
515,749,1
107,580,2
471,438,2
777,423,2
404,631,2
435,598,2
86,669,2
618,59,2
789,161,2
423,190,1
99,256,1
111,261,2
327,563,2
33,613,2
332,116,2
702,527,1
120,148,2
272,57,2
414,614,1
98,609,1
177,479,1
686,721,2
399,238,2
13,4,2
680,389,1
80,454,1
590,290,1
28,363,1
66,476,2
198,735,2
563,658,2
687,317,1
744,228,2
255,210,2
688,147,2
449,75,2
129,182,1
3,461,1
744,554,2
3,546,2
774,9,2
773,423,1
532,496,2
209,321,1
625,77,2
309,142,2
714,680,1
349,390,1
580,397,2
17,155,2
210,378,2
540,240,1
609,497,2
377,562,1
10,250,2
691,538,2
33,639,1
520,732,2
283,257,2
150,556,2
526,100,1
784,338,2
301,399,1
765,690,2
106,250,2
237,420,2
219,779,1
442,779,1
42,148,2
197,581,2
691,44,2
457,437,2
208,586,1
658,5,1
146,774,1
662,244,2
652,134,2
142,204,1
668,54,2
154,397,1
133,292,1
594,620,2
481,643,1
244,306,2
311,744,1
130,633,2
522,79,1
487,281,2
300,391,1
740,361,1
466,495,2
231,728,2
123,320,2
234,165,2
79,790,2
413,110,1
619,635,2
637,628,2
167,601,1
566,120,1
796,652,1
495,227,1
357,566,1
97,193,2
474,661,1
598,395,1
785,673,1
786,330,1
650,682,2
76,750,1
301,580,1
53,659,1
379,698,2
120,45,1
211,319,2
321,200,2
711,230,1
332,93,2
459,258,2
232,655,1
239,317,1
358,17,1
521,622,1
267,157,2
184,497,1
232,470,1
657,326,2
31,621,1
75,261,2
96,441,2
554,490,1
72,392,1
405,77,2
341,413,1
658,42,1
308,4,2
19,40,2
271,527,1
317,519,2
774,798,2
509,551,2
608,145,1
534,123,1
310,551,2
475,530,1
212,145,1
752,112,1
626,432,2
332,794,2
224,734,1
277,356,1
418,110,2
732,188,1
84,617,1
429,175,1
295,177,2
194,336,2
119,296,2
644,107,2
242,231,1
358,777,2
154,761,1
743,347,2
650,635,2
503,210,1
86,64,2
194,604,2
216,498,2
113,404,2
493,104,1
643,259,1
678,531,2
